StartDate,EndDate,Progress,Duration (in seconds),Finished,RecordedDate,Browser_Browser,Browser_Version,Browser_Operating System,Browser_Resolution,Q275_First Click,Q275_Last Click,Q275_Page Submit,Q275_Click Count,Profile1,Profile2,Profile3,Profile4,Profile5,Profile6,Profile7,Profile8,Profile9,Profile10,Profile11,Profile12,Profile13,Profile14,Profile15,Profile16,Profile17,Profile18,Impt_ratings_1,Impt_ratings_2,Impt_ratings_3,Impt_ratings_4,Impt_ratings_5,Acc_ratings_1,Acc_ratings_2,Acc_ratings_3,Acc_ratings_4,Acc_ratings_5,MC_correct_entertain_1,TC_BBC_7,TC_PBS_7,TC_quora_7,TC_reddit_7,Q1572_First Click,Q1572_Last Click,Q1572_Page Submit,Q1572_Click Count,SocialMedia_Chk,Random,Google,Comments,TWIN_ID
Start Date,End Date,Progress,Duration (in seconds),Finished,Recorded Date,Browser Meta Info - Browser,Browser Meta Info - Version,Browser Meta Info - Operating System,Browser Meta Info - Resolution,Timing - First Click,Timing - Last Click,Timing - Page Submit,Timing - Click Count,"Headline
			Source
			Content Type
			Political Lean
			Number of Likes
		
	
	
		
			""Authorities Scramble To Find Stolen Solid Gold Toilet""
			Quora.com
			Entertaining
			Conservative
			20 likes","Headline
			Source
			Content Type
			Political Lean
			Number of Likes
		
	
	
		
			""Two Elderly Men Sneak Out Of Nursing Home To Attend Heavy Metal Festival""
			BBC News
			Informative
			Liberal     
			200 likes","Headline
			Source
			Content Type
			Political Lean
			Number of Likes
		
	
	
		
			""Applications To Become Japanese Billionaire Yusaku Maezawa's Girlfriend Have Topped 20,000""
			PBS News
			Entertaining
			Conservative
			200 likes","Headline
			Source
			Content Type
			Political Lean
			Number of Likes
		
	
	
		
			""Authorities Scramble To Find Stolen Solid Gold Toilet""
			Quora.com
			Entertaining
			Liberal
			2,000 likes","Headline
			Source
			Content Type
			Political Lean
			Number of Likes
		
	
	
		
			""Two Elderly Men Sneak Out Of Nursing Home To Attend Heavy Metal Festival""
			BBC News
			Entertaining
			Conservative
			20 likes","Headline
			Source
			Content Type
			Political Lean
			Number of Likes
		
	
	
		
			""Two Elderly Men Sneak Out Of Nursing Home To Attend Heavy Metal Festival""
			Reddit.com
			Entertaining
			Liberal
			2,000 likes","Headline
   Source
   Content Type
   Political Lean
   Number of Likes
  
 
 
  
   ""Kansas Man Asks Judge To Allow Him To Have Sword Fight With Ex-Wife""
   Quora.com
   Informative
   Conservative
   20 likes","Headline
			Source
			Content Type
			Political Lean
			Number of Likes
		
	
	
		
			""Applications To Become Japanese Billionaire Yusaku Maezawa's Girlfriend Have Topped 20,000""
			Reddit.com
			Informative
			Liberal
			20 likes","Headline
			Source
			Content Type
			Political Lean
			Number of Likes
		
	
	
		
			""Authorities Scramble To Find Stolen Solid Gold Toilet""
			Reddit.com
			Informative
			Conservative
			200 likes","Headline
			Source
			Content Type
			Political Lean
			Number of Likes
		
	
	
		
			""Applications To Become Japanese Billionaire Yusaku Maezawa's Girlfriend Have Topped 20,000""
			BBC News
			Entertaining
			Conservative
			2,000 likes","Headline
			Source
			Content Type
			Political Lean
			Number of Likes
		
	
	
		
			""Two Elderly Men Sneak Out Of Nursing Home To Attend Heavy Metal Festival""
			PBS News
			Informative
			Conservative
			2,000 likes","Headline
			Source
			Content Type
			Political Lean
			Number of Likes
		
	
	
		
			""Kansas Man Asks Judge To Allow Him To Have Sword Fight With Ex-Wife""
			PBS News
			Informative
			Liberal
			2,000 likes","Headline
			Source
			Content Type
			Political Lean
			Number of Likes
		
	
	
		
			""Authorities Scramble To Find Stolen Solid Gold Toilet""
			BBC News
			Informative
			Conservative
			2,000 likes","Headline
			Source
			Content Type
			Political Lean
			Number of Likes
		
	
	
		
			""Two Elderly Men Sneak Out Of Nursing Home To Attend Heavy Metal Festival""
			Quora.com
			Entertaining
			Conservative
			200 likes","Headline
			Source
			Content Type
			Political Lean
			Number of Likes
		
	
	
		
			""Kansas Man Asks Judge To Allow Him To Have Sword Fight With Ex-Wife""
			BBC News
			Entertaining
			Liberal
			200 likes","Headline
			Source
			Content Type
			Political Lean
			Number of Likes
		
	
	
		
			""Kansas Man Asks Judge To Allow Him To Have Sword Fight With Ex-Wife""
			Reddit.com
			Entertaining
			Conservative
			2,000 likes","Headline
			Source
			Content Type
			Political Lean
			Number of Likes
		
	
	
		
			""Applications To Become Japanese Billionaire Yusaku Maezawa's Girlfriend Have Topped 20,000""
			Quora.com
			Informative
			Liberal
			2,000 likes","Headline
			Source
			Content Type
			Political Lean
			Number of Likes
		
	
	
		
			""Authorities Scramble To Find Stolen Solid Gold Toilet""
			PBS News
			Entertaining
			Liberal
			20 likes","How important are each of the following attributes when you are considering sharing news articles with other people on social media? Use 1 to represent ""not important at all "" and 7 to represent ""extremely important."" - Headline","How important are each of the following attributes when you are considering sharing news articles with other people on social media? Use 1 to represent ""not important at all "" and 7 to represent ""extremely important."" - Source","How important are each of the following attributes when you are considering sharing news articles with other people on social media? Use 1 to represent ""not important at all "" and 7 to represent ""extremely important."" - Content Type (Entertaining vs. Informative)","How important are each of the following attributes when you are considering sharing news articles with other people on social media? Use 1 to represent ""not important at all "" and 7 to represent ""extremely important."" - Political Lean","How important are each of the following attributes when you are considering sharing news articles with other people on social media? Use 1 to represent ""not important at all "" and 7 to represent ""extremely important."" - Number of Likes","To what extent can you use each of these attributes to determine whether a news article is accurate?  Use 1 to represent ""not at all "" and 7 to represent ""extremely."" - Headline","To what extent can you use each of these attributes to determine whether a news article is accurate?  Use 1 to represent ""not at all "" and 7 to represent ""extremely."" - Source","To what extent can you use each of these attributes to determine whether a news article is accurate?  Use 1 to represent ""not at all "" and 7 to represent ""extremely."" - Content Type (Entertaining vs. Informative)","To what extent can you use each of these attributes to determine whether a news article is accurate?  Use 1 to represent ""not at all "" and 7 to represent ""extremely."" - Political Lean","To what extent can you use each of these attributes to determine whether a news article is accurate?  Use 1 to represent ""not at all "" and 7 to represent ""extremely."" - Number of Likes","When you share news with others on social media, is it more important that the content is: - Verifiably correct:Entertaining",How trustworthy (from 0-100%) do you think this source is: BBC News - 7,How trustworthy (from 0-100%) do you think this source is: PBS News - 7,How trustworthy (from 0-100%) do you think this source is: Quora.com - 7,How trustworthy (from 0-100%) do you think this source is: Reddit.com - 7,Timing - First Click,Timing - Last Click,Timing - Page Submit,Timing - Click Count,Would you ever consider sharing news like you saw in the study today on social media?,Did you respond randomly at any point during the study?,Did you search the internet (via Google or otherwise) for any of the news headlines?,Do you have any comments about our survey?,TWIN_ID
"{""ImportId"":""startDate"",""timeZone"":""America/New_York""}","{""ImportId"":""endDate"",""timeZone"":""America/New_York""}","{""ImportId"":""progress""}","{""ImportId"":""duration""}","{""ImportId"":""finished""}","{""ImportId"":""recordedDate"",""timeZone"":""America/New_York""}","{""ImportId"":""QID1374_BROWSER""}","{""ImportId"":""QID1374_VERSION""}","{""ImportId"":""QID1374_OS""}","{""ImportId"":""QID1374_RESOLUTION""}","{""ImportId"":""QID1594_FIRST_CLICK""}","{""ImportId"":""QID1594_LAST_CLICK""}","{""ImportId"":""QID1594_PAGE_SUBMIT""}","{""ImportId"":""QID1594_CLICK_COUNT""}","{""ImportId"":""QID1625""}","{""ImportId"":""QID1607""}","{""ImportId"":""QID1609""}","{""ImportId"":""QID1610""}","{""ImportId"":""QID1611""}","{""ImportId"":""QID1612""}","{""ImportId"":""QID1613""}","{""ImportId"":""QID1614""}","{""ImportId"":""QID1615""}","{""ImportId"":""QID1616""}","{""ImportId"":""QID1617""}","{""ImportId"":""QID1618""}","{""ImportId"":""QID1619""}","{""ImportId"":""QID1620""}","{""ImportId"":""QID1621""}","{""ImportId"":""QID1622""}","{""ImportId"":""QID1623""}","{""ImportId"":""QID1624""}","{""ImportId"":""QID1589_1""}","{""ImportId"":""QID1589_2""}","{""ImportId"":""QID1589_3""}","{""ImportId"":""QID1589_5""}","{""ImportId"":""QID1589_6""}","{""ImportId"":""QID1591_1""}","{""ImportId"":""QID1591_2""}","{""ImportId"":""QID1591_3""}","{""ImportId"":""QID1591_5""}","{""ImportId"":""QID1591_6""}","{""ImportId"":""QID1581_10""}","{""ImportId"":""QID1575_7""}","{""ImportId"":""QID1576_7""}","{""ImportId"":""QID1578_7""}","{""ImportId"":""QID1580_7""}","{""ImportId"":""QID1572_FIRST_CLICK""}","{""ImportId"":""QID1572_LAST_CLICK""}","{""ImportId"":""QID1572_PAGE_SUBMIT""}","{""ImportId"":""QID1572_CLICK_COUNT""}","{""ImportId"":""QID1428""}","{""ImportId"":""QID367""}","{""ImportId"":""QID675""}","{""ImportId"":""QID678_TEXT""}",TWIN_ID
5/23/2025 10:05,5/23/2025 10:09,100,289,1,5/23/2025 10:09,Chrome,136.0.0.0,Mac OS,1152x720,42.134,42.134,42.15,1,1,4,2,2,3,1,1,1,1,1,3,1,1,1,1,1,1,1,6,7,5,7,2,1,6,5,7,2,1,89,99,0,60,5.863,16.626,16.633,5,1,2,2,I'm dying to know if the 2 men sneaking out of the nursing home is true. ,2
5/23/2025 10:22,5/23/2025 10:25,100,188,1,5/23/2025 10:25,Chrome,136.0.0.0,Windows,1920x1080,17.699,17.699,17.71,1,1,5,2,1,5,5,1,1,1,1,5,1,1,5,1,1,1,1,6,6,5,3,1,3,5,3,3,3,4,89,80,49,50,3.988,15.551,15.56,5,1,2,2,no,3
5/23/2025 10:40,5/23/2025 10:43,100,216,1,5/23/2025 10:43,Chrome,136.0.0.0,Windows,1600x900,71.362,71.362,71.377,1,1,7,1,1,7,7,7,1,1,1,7,7,1,7,7,7,1,1,7,1,7,1,1,1,1,4,4,1,4,100,100,50,50,2.161,12.595,12.598,6,3,2,2,ðŸ˜ŽðŸ˜ŽðŸ˜ŽðŸ˜ŽðŸ˜ŽðŸ˜ŽðŸ˜ŽðŸ˜ŽðŸ˜ŽðŸ˜ŽðŸ˜ŽðŸ˜ŽðŸ˜ŽðŸ˜ŽðŸ˜ŽðŸ˜ŽðŸ˜ŽðŸ˜ŽðŸ˜ŽðŸ˜ŽðŸ˜ŽðŸ˜ŽðŸ˜ŽðŸ˜ŽðŸ˜ŽðŸ˜ŽðŸ˜ŽðŸ˜ŽðŸ˜ŽðŸ˜ŽðŸ˜ŽðŸ˜Ž,4
5/23/2025 10:20,5/23/2025 10:23,100,165,1,5/23/2025 10:23,Firefox,138,Windows,1920x1080,24.404,24.404,24.414,1,1,1,1,1,4,1,1,1,1,1,4,1,1,1,1,1,1,1,7,7,1,7,4,4,4,4,4,1,2,9,10,0,10,3.179,12.331,12.333,7,1,2,2,no comments,11
5/23/2025 10:22,5/23/2025 10:24,100,146,1,5/23/2025 10:24,Chrome,136.0.0.0,Windows,1920x1080,18.667,18.667,18.671,1,1,1,1,1,1,1,1,1,1,1,7,1,7,1,1,1,1,7,3,7,5,1,1,1,7,5,1,1,2,100,100,0,0,2.721,10.249,10.252,6,1,2,2,This was interesting thank you,13
5/23/2025 10:52,5/23/2025 10:55,100,189,1,5/23/2025 10:55,Safari,18.4,Mac OS,1440x900,17.64,17.64,17.646,1,1,1,1,1,1,1,1,1,1,1,1,1,1,1,1,1,1,1,6,7,5,6,1,5,7,5,5,1,1,90,90,0,0,2.761,14.728,14.732,6,2,2,2,I don't share much on social media. I mainly just share things about my personal life.,14
5/23/2025 10:17,5/23/2025 10:20,100,158,1,5/23/2025 10:20,Chrome,136.0.0.0,Windows,1536x864,18.793,18.793,18.811,1,1,6,1,1,6,6,1,1,1,1,5,1,1,5,1,1,1,1,5,4,6,5,1,3,6,2,2,1,6,80,80,80,80,3.203,8.789,8.807,5,1,2,2,no,15
5/23/2025 10:36,5/23/2025 10:39,100,135,1,5/23/2025 10:39,Firefox,138,Windows,1120x630,23.016,23.016,23.024,1,1,1,1,1,1,1,1,1,1,1,1,1,1,1,1,1,1,1,5,7,1,2,1,4,7,1,1,1,1,87,79,0,0,3.113,9.058,9.061,6,2,2,2,,17
5/23/2025 10:14,5/23/2025 10:17,100,198,1,5/23/2025 10:17,Chrome,136.0.0.0,Windows,1920x1080,15.634,15.634,15.649,1,1,2,1,1,2,2,1,1,1,1,2,1,1,1,1,1,1,1,5,4,4,4,3,2,5,4,5,1,1,80,99,21,4,2.674,10.088,10.105,5,1,2,2,,18
5/23/2025 10:37,5/23/2025 10:42,100,320,1,5/23/2025 10:42,Chrome,136.0.0.0,Mac OS,2560x1440,114.964,114.964,114.975,1,2,5,2,2,5,4,4,2,2,3,5,4,3,4,4,2,2,2,6,5,4,2,2,2,4,3,3,2,3,65,66,36,44,2.846,12.733,12.745,5,1,2,2,,20
5/23/2025 10:07,5/23/2025 10:11,100,226,1,5/23/2025 10:11,Chrome,136.0.0.0,Windows,1366x768,30.403,30.403,30.407,1,1,6,1,1,7,7,1,1,1,1,7,1,1,7,1,1,1,1,7,7,7,1,1,1,7,7,1,1,1,100,100,50,70,2.715,12.218,12.232,7,1,2,2,,21
5/23/2025 10:13,5/23/2025 10:18,100,269,1,5/23/2025 10:18,Safari,16.2,Mac OS,1792x1120,58.121,58.121,58.125,1,4,6,1,4,6,6,3,1,4,1,6,3,4,6,3,3,1,4,6,5,5,1,1,4,7,2,1,1,3,51,50,10,10,5.077,14.873,14.875,6,1,2,2,,22
5/23/2025 10:05,5/23/2025 10:11,100,385,1,5/23/2025 10:11,Chrome,136.0.0.0,Windows,1366x768,21.2,21.2,21.216,1,1,5,1,1,5,5,5,1,1,1,5,5,1,5,5,5,1,1,6,3,7,1,1,4,6,6,6,1,5,83,83,38,14,249.751,256.199,256.214,5,1,2,2,no,23
5/23/2025 10:25,5/23/2025 10:33,100,477,1,5/23/2025 10:33,Brave,136.0.0.0,Windows,1366x768,4.887,114.969,114.977,2,5,1,3,2,1,1,5,1,5,2,1,4,5,1,4,4,3,2,6,2,6,4,1,5,6,4,5,3,5,1,0,48,49,2.925,12.933,12.94,9,1,2,2,,24
5/23/2025 10:05,5/23/2025 10:09,100,243,1,5/23/2025 10:09,Chrome,136.0.0.0,Windows,1920x1080,26.874,26.874,26.887,1,1,1,1,1,1,1,1,1,1,1,1,1,1,1,1,1,1,1,7,1,4,1,1,7,7,7,1,1,1,67,85,50,51,4.283,12.763,12.773,5,2,2,2,,25
5/23/2025 10:30,5/23/2025 10:34,100,268,1,5/23/2025 10:34,Chrome,136.0.0.0,Windows,1536x864,69.311,69.311,69.322,1,1,1,1,1,1,1,1,1,1,1,1,1,1,1,1,1,1,1,4,7,7,4,1,4,7,4,1,1,6,50,71,50,50,4.615,15.381,15.395,6,2,2,2,,27
5/23/2025 10:11,5/23/2025 10:15,100,239,1,5/23/2025 10:15,Firefox,138,Ubuntu,1920x1080,15.17,24.053,24.056,2,7,7,7,7,7,7,7,7,7,7,7,7,7,7,7,7,7,7,7,4,1,4,1,4,7,4,1,1,6,90,80,50,50,5.904,13.599,13.601,5,1,2,2,,29
5/23/2025 10:05,5/23/2025 10:07,100,97,1,5/23/2025 10:07,Chrome,136.0.0.0,Windows,1366x768,7.624,7.624,7.645,1,1,1,2,1,1,1,1,2,1,2,1,1,1,1,1,1,2,1,7,1,1,1,1,4,5,4,4,5,6,61,70,40,51,2.924,7.418,7.424,5,2,2,2,,31
5/23/2025 10:23,5/23/2025 10:25,100,123,1,5/23/2025 10:25,Safari,18.4,Mac OS,709x808,18.218,18.218,18.222,1,1,1,1,1,1,1,1,1,1,1,1,1,1,1,1,1,1,1,1,1,1,1,1,1,7,7,7,1,1,0,0,0,0,2.416,9.581,9.584,5,2,2,2,,32
5/23/2025 10:21,5/23/2025 10:27,100,362,1,5/23/2025 10:27,Chrome,136.0.0.0,Mac OS,1440x900,16.043,73.083,73.096,7,3,6,4,6,5,7,2,2,3,6,6,5,4,5,6,6,3,3,7,6,6,3,2,7,6,6,3,2,4,78,78,8,1,1.953,23.72,23.733,9,2,2,2,,34
5/23/2025 10:06,5/23/2025 10:10,100,237,1,5/23/2025 10:10,Chrome,134.0.0.0,Chromium OS,1536x864,19.41,19.41,19.433,1,2,5,1,2,5,5,2,1,2,1,5,2,2,5,2,2,1,2,7,1,1,1,1,6,6,1,1,1,4,51,40,51,50,4.742,12.884,12.902,5,1,2,2,Thank you ,39
5/23/2025 10:04,5/23/2025 10:08,100,225,1,5/23/2025 10:08,Chrome,136.0.0.0,Windows,3440x1440,35.703,35.703,35.71,1,3,5,5,3,5,5,6,3,3,3,5,6,3,5,5,5,3,3,5,6,5,4,5,6,6,5,5,2,3,69,71,49,49,2.364,9.833,9.841,5,2,2,2,,40
5/23/2025 10:17,5/23/2025 10:21,100,222,1,5/23/2025 10:21,Chrome,136.0.0.0,Windows,1536x864,11.335,28.857,28.876,2,3,5,3,3,5,4,4,3,3,3,5,5,3,4,5,4,3,3,6,6,4,3,3,4,6,5,4,3,4,68,67,17,12,2.132,8.458,8.468,5,1,2,2,,41
5/23/2025 10:30,5/23/2025 10:33,100,136,1,5/23/2025 10:33,Chrome,136.0.0.0,Windows,1536x864,3.661,6.381,6.398,2,5,4,5,4,6,6,5,4,6,4,5,5,3,6,5,5,6,6,6,4,5,4,6,5,4,4,5,6,5,88,77,54,95,4.872,15.824,15.841,6,1,2,2,,43
5/23/2025 10:07,5/23/2025 10:10,100,227,1,5/23/2025 10:10,Firefox,138,Windows,1227x690,35.06,35.06,35.089,1,2,3,2,2,3,3,2,2,2,2,2,2,2,2,2,2,2,2,4,5,5,4,4,4,5,4,4,4,4,37,13,38,70,1.68,12.024,12.058,6,2,2,2,,45
5/23/2025 10:15,5/23/2025 10:21,100,347,1,5/23/2025 10:21,Firefox,138,Windows,2048x1152,36.485,36.485,36.491,1,1,1,1,1,1,1,1,1,1,1,1,1,1,1,1,1,1,1,1,5,1,7,1,1,1,5,5,1,1,0,0,0,0,2.689,6.945,6.948,5,2,2,1,,46
5/23/2025 10:33,5/23/2025 10:36,100,199,1,5/23/2025 10:36,Chrome,136.0.0.0,Chromium OS,1366x768,11.92,11.92,11.935,1,2,5,3,2,5,5,2,3,2,3,5,2,2,5,2,2,3,2,5,7,5,6,4,6,7,6,5,4,2,79,80,47,64,2.641,13.401,13.418,6,1,2,2,,51
5/23/2025 10:20,5/23/2025 10:23,100,171,1,5/23/2025 10:23,Brave,136.0.0.0,Windows,2560x1440,11.019,11.019,11.03,1,1,1,1,1,1,1,1,1,1,1,1,1,1,1,1,1,1,1,1,2,1,1,1,1,5,1,1,1,1,70,59,11,10,4.216,15.991,16.003,6,3,2,2,none,53
5/23/2025 10:33,5/23/2025 10:37,100,216,1,5/23/2025 10:37,Chrome,136.0.0.0,Windows,1730x973,8.484,12.539,12.555,4,3,5,5,3,3,2,3,6,3,3,5,5,2,5,3,3,5,3,6,5,6,2,6,6,7,6,2,7,1,37,77,51,74,4.708,9.767,9.773,6,1,2,2,,54
5/23/2025 10:35,5/23/2025 10:39,100,253,1,5/23/2025 10:39,Chrome,136.0.0.0,Mac OS,1440x900,27.479,27.479,27.496,1,1,1,1,1,1,1,3,1,1,1,1,2,1,1,2,5,1,1,6,5,3,5,1,1,5,4,3,1,4,65,70,50,30,7.901,28.513,28.518,5,1,2,2,N/A,59
5/23/2025 10:06,5/23/2025 10:09,100,189,1,5/23/2025 10:09,Chrome,136.0.0.0,Windows,1920x1080,6.554,6.554,6.559,1,1,1,1,1,1,1,1,1,1,1,1,1,1,1,1,1,1,1,6,7,6,6,1,6,7,6,6,1,2,0,18,17,48,3.549,23.797,23.812,8,2,2,2,,60
5/23/2025 10:05,5/23/2025 10:10,100,291,1,5/23/2025 10:10,Chrome,103.0.0.0,Chromium OS,1366x768,46.078,46.078,46.1,1,5,7,2,5,7,7,6,2,5,2,7,6,5,7,6,6,2,5,5,6,6,5,2,5,6,6,6,2,6,40,42,40,50,4.002,16.453,16.469,7,1,2,2,,61
5/23/2025 10:16,5/23/2025 10:23,100,465,1,5/23/2025 10:23,Chrome,136.0.0.0,Windows,1920x1080,34.847,34.847,34.86,1,3,2,1,3,2,2,3,1,3,1,2,3,3,2,3,3,1,3,7,2,2,1,1,4,3,1,2,1,1,11,11,39,41,3.937,13.964,13.968,6,1,2,2,,63
5/23/2025 10:17,5/23/2025 10:22,100,274,1,5/23/2025 10:22,Chrome,136.0.0.0,Windows,1366x768,14.155,14.155,14.178,1,2,3,3,3,3,3,4,3,3,3,3,4,3,3,4,4,3,3,5,3,7,1,1,4,6,5,2,7,4,11,19,50,1,4.864,14.407,14.418,5,2,2,2,,64
5/23/2025 10:06,5/23/2025 10:13,100,418,1,5/23/2025 10:13,Chrome,136.0.0.0,Windows,1920x1080,32.387,32.387,32.402,1,1,6,1,1,6,6,1,1,1,1,6,1,1,6,1,1,1,1,6,7,6,4,1,1,6,1,1,1,4,49,30,8,18,5.191,14.481,14.497,6,1,2,2,Thank you!,65
5/23/2025 10:08,5/23/2025 10:14,100,382,1,5/23/2025 10:14,Chrome,136.0.0.0,Mac OS,1440x900,61.849,61.849,61.852,1,4,5,2,4,5,5,4,2,4,2,5,4,4,5,5,5,2,4,6,4,6,4,2,4,5,5,4,2,5,60,60,50,50,3.647,12.259,12.263,5,1,2,2,,66
5/23/2025 10:34,5/23/2025 10:38,100,218,1,5/23/2025 10:38,Firefox,138,Windows,1920x1080,27.192,27.192,27.2,1,1,5,1,1,5,4,2,1,1,1,5,2,1,5,2,2,1,1,4,7,7,4,1,6,7,7,6,1,1,98,100,50,70,2.937,14.035,14.037,6,1,2,2,"None, thank you.",70
5/23/2025 10:06,5/23/2025 10:15,100,502,1,5/23/2025 10:15,Chrome,136.0.0.0,Windows,1366x768,15.735,15.735,15.754,1,3,5,5,3,5,5,6,5,3,5,5,6,3,5,6,6,5,3,4,5,6,5,2,4,6,5,5,2,5,24,36,32,20,1.771,7.65,7.656,5,1,2,2,none,72
5/23/2025 10:33,5/23/2025 10:36,100,150,1,5/23/2025 10:36,Firefox,138,Windows,1920x1080,20.315,20.315,20.322,1,1,1,1,1,1,1,1,1,1,1,1,1,1,1,1,1,1,1,5,6,4,4,2,4,7,3,3,1,2,79,87,8,7,3.747,10.135,10.143,7,2,2,2,,73
5/23/2025 10:15,5/23/2025 10:17,100,159,1,5/23/2025 10:17,Chrome,135.0.0.0,Windows,1478x831,9.16,9.16,9.167,1,1,1,1,1,1,1,1,1,1,1,1,1,1,1,1,1,1,1,3,6,5,4,1,4,5,4,3,1,1,52,73,61,61,5.897,14.343,14.36,6,2,2,2,,74
5/23/2025 10:05,5/23/2025 10:10,100,267,1,5/23/2025 10:10,Chrome,136.0.0.0,Windows,1920x1080,32.98,32.98,32.993,1,3,2,1,1,6,1,7,1,1,1,6,1,6,1,1,1,1,1,1,1,4,4,1,4,7,4,7,1,3,10,12,15,32,4.483,11.588,11.601,5,1,2,2,,76
5/23/2025 10:15,5/23/2025 10:19,100,216,1,5/23/2025 10:19,Chrome,136.0.0.0,Windows,1920x1080,15.406,15.406,15.425,1,7,7,7,7,7,7,1,1,7,1,7,1,7,7,1,1,1,7,6,7,7,4,1,1,7,3,3,1,3,80,80,89,91,6.389,16.393,16.402,5,1,2,2,,77
5/23/2025 10:28,5/23/2025 10:38,100,601,1,5/23/2025 10:38,Chrome,136.0.0.0,Linux,1400x1050,356.1,356.1,356.119,1,4,1,3,1,7,1,7,1,7,4,7,3,5,4,4,1,1,1,5,6,3,7,1,4,7,4,6,2,6,12,20,41,4,2.999,7.691,7.701,5,2,2,2,,78
5/23/2025 10:06,5/23/2025 10:11,100,307,1,5/23/2025 10:11,Chrome,136.0.0.0,Windows,2560x1440,27.485,27.485,27.486,1,1,5,1,2,5,5,3,1,2,1,5,2,2,2,2,2,1,2,5,4,6,3,2,2,6,5,4,2,5,97,97,39,48,10.387,31.074,31.085,5,1,2,2,,81
5/23/2025 10:14,5/23/2025 10:21,100,427,1,5/23/2025 10:21,Chrome,136.0.0.0,Windows,1536x864,61.227,61.227,61.246,1,2,3,2,2,3,1,2,1,1,2,2,3,2,2,2,1,2,2,6,6,5,3,4,2,6,3,2,2,2,80,80,10,21,6.673,50.302,50.319,6,2,2,2,,83
5/23/2025 10:25,5/23/2025 10:31,100,375,1,5/23/2025 10:32,Firefox,138,Mac OS,1728x1117,54.591,54.591,54.605,1,1,1,1,1,1,1,1,1,1,1,1,1,1,1,1,1,1,1,4,7,4,5,1,1,6,4,4,1,1,70,80,31,31,4.615,26.041,26.046,6,2,2,2,I do not share news on social media.  Thank you for the opportunity. ,84
5/23/2025 10:22,5/23/2025 10:25,100,171,1,5/23/2025 10:25,Brave,136.0.0.0,Windows,1366x768,16.64,16.64,16.643,1,3,6,1,3,6,6,3,1,2,1,6,3,2,6,3,3,1,2,5,6,6,2,1,4,6,3,3,1,2,81,80,48,30,5.713,13.513,13.517,5,1,2,2,,85
5/23/2025 10:12,5/23/2025 10:17,100,288,1,5/23/2025 10:17,Chrome,93.0.4577.107,Chromium OS,1187x667,53.238,53.238,53.256,1,3,7,6,5,6,7,3,4,5,6,6,6,6,5,5,6,6,4,6,6,6,4,6,4,6,5,3,4,4,90,90,75,85,9.994,36.666,36.685,7,1,2,2,Thanks for both interesting and entertaining study! Have a Blessed Day :),91
5/23/2025 10:24,5/23/2025 10:28,100,262,1,5/23/2025 10:28,Chrome,136.0.0.0,Windows,1920x1080,7.535,42.395,42.405,3,1,2,4,1,2,2,4,4,1,4,2,4,1,2,4,4,4,1,5,3,6,2,1,4,6,7,5,1,2,85,90,45,55,9.312,28.35,28.36,8,1,2,2,,93
5/23/2025 10:33,5/23/2025 10:47,100,813,1,5/23/2025 10:47,Chrome,131.0.0.0,Windows,1366x768,12.567,12.567,12.573,1,7,1,7,1,7,1,7,1,7,7,7,1,7,7,1,7,1,1,7,7,7,7,1,7,7,7,7,7,1,100,50,59,48,6.592,19.318,19.321,8,1,2,2,no,103
5/23/2025 10:10,5/23/2025 10:16,100,365,1,5/23/2025 10:16,Chrome,136.0.0.0,Windows,2560x1440,5.491,28.787,28.79,5,1,5,5,1,4,2,1,1,1,6,6,6,6,1,5,2,2,2,6,7,4,4,5,6,7,4,3,6,3,90,90,20,20,5.294,28.538,28.54,9,2,2,2,,104
5/23/2025 10:49,5/23/2025 10:52,100,176,1,5/23/2025 10:52,Chrome,136.0.0.0,Windows,1536x864,14.647,14.647,14.651,1,1,1,1,1,1,1,3,1,1,1,1,2,1,1,1,3,1,1,5,7,6,1,1,1,7,1,6,1,1,0,12,10,21,4.197,13.415,13.43,5,2,2,2,,105
5/23/2025 10:23,5/23/2025 10:27,100,190,1,5/23/2025 10:27,Chrome,136.0.0.0,Windows,1536x864,33.492,33.492,33.509,1,1,1,1,1,1,1,1,1,1,1,1,1,1,1,1,1,1,1,7,7,2,5,1,1,4,2,2,1,1,79,80,10,9,4.182,18.859,18.877,7,2,2,2,,106
5/23/2025 10:09,5/23/2025 10:14,100,328,1,5/23/2025 10:14,Chrome,136.0.0.0,Windows,1210x681,34.507,34.507,34.521,1,1,5,1,2,5,5,3,1,2,1,6,4,2,5,4,4,1,2,5,6,5,4,4,2,5,4,4,4,2,49,60,10,11,4.682,11.749,11.756,5,1,2,2,,108
5/23/2025 10:06,5/23/2025 10:10,100,237,1,5/23/2025 10:10,Chrome,136.0.0.0,Windows,1920x1080,84.955,84.955,84.965,1,1,4,1,1,5,4,1,1,1,1,4,1,1,4,1,1,1,1,7,6,3,4,2,4,7,1,2,3,2,99,90,30,69,2.201,15.249,15.261,6,2,2,2,,109
5/23/2025 10:20,5/23/2025 10:26,100,371,1,5/23/2025 10:26,Chrome,136.0.0.0,Windows,1587x893,27.003,27.003,27.008,1,1,1,1,1,1,1,1,1,1,1,1,1,1,1,1,1,1,1,1,1,1,1,1,2,7,5,5,1,3,90,92,15,10,3.215,13.449,13.451,5,2,2,2,"Although I am an avid news reader, I never share news on social media, because I figure that other people read the news, too. A celebrity dies? They already know it. Something happens on the political front? Same. The only thing that comes close to something I might share is the nursing home guys escaping to attend a heavy metal concert, because that may not be so widely disseminated. But it's my general policy not to share news and not to comment on politics in my social media feed.",113
5/23/2025 10:50,5/23/2025 10:53,100,179,1,5/23/2025 10:53,Chrome,136.0.0.0,Windows,1280x720,10.555,10.555,10.569,1,2,2,5,3,3,4,1,1,5,3,2,5,2,3,3,3,3,3,4,6,5,2,5,3,6,2,3,4,1,61,60,52,39,2.913,9.298,9.303,5,2,2,2,no,115
5/23/2025 10:39,5/23/2025 10:55,100,944,1,5/23/2025 10:55,Chrome,136.0.0.0,Windows,900x1600,5.874,5.874,5.885,1,2,4,3,2,2,3,2,2,1,1,2,2,2,2,2,3,2,4,5,5,5,5,3,2,7,2,4,2,2,80,80,30,30,2.81,11.547,11.555,5,2,2,2,,117
5/23/2025 10:24,5/23/2025 10:29,100,254,1,5/23/2025 10:29,Chrome,136.0.0.0,Windows,1366x768,69.055,69.055,69.064,1,2,6,1,2,7,6,5,2,2,1,7,4,2,4,2,6,1,1,7,6,4,2,5,7,7,5,4,4,4,1,2,4,4,13.409,13.409,13.414,1,1,2,2,interesting ,120
5/23/2025 10:10,5/23/2025 10:15,100,275,1,5/23/2025 10:15,Edge,136.0.0.0,Windows,1536x864,44.83,44.83,44.836,1,2,4,1,3,4,4,1,1,1,1,4,1,1,4,1,1,1,1,6,5,4,6,4,4,7,6,6,4,2,46,8,38,20,5.368,17.041,17.045,6,3,2,2,none,121
5/23/2025 10:30,5/23/2025 10:36,100,398,1,5/23/2025 10:36,Chrome,136.0.0.0,Windows,1201x676,7.105,73.217,73.235,3,1,7,1,1,7,7,7,1,1,1,7,7,1,7,7,7,1,1,7,4,7,1,1,2,7,4,1,1,4,50,51,12,4,4.371,18.81,18.819,6,1,2,2,"I would share the news articles because they were cute. Whether or not they are accurate, they are still cute, so I would share with my friends.",122
5/23/2025 10:05,5/23/2025 10:09,100,242,1,5/23/2025 10:09,Chrome,136.0.0.0,Mac OS,1470x956,14.712,14.712,14.716,1,3,3,1,3,3,3,4,1,3,1,3,4,3,3,4,4,1,3,7,3,1,1,1,2,6,1,1,1,2,89,88,79,41,5.603,14.97,14.986,7,1,2,2,ty,123
5/23/2025 10:04,5/23/2025 10:06,100,130,1,5/23/2025 10:06,Chrome,136.0.0.0,Windows,1536x864,1.66,4.174,10.488,3,1,4,1,1,1,4,2,1,1,1,4,2,1,4,2,2,1,1,5,7,7,5,1,2,7,6,6,2,1,95,98,9,8,3.023,11.241,11.246,5,1,2,2,,129
5/23/2025 10:05,5/23/2025 10:12,100,417,1,5/23/2025 10:12,Opera,118.0.0.0,Windows,1412x795,28.265,28.265,28.268,1,1,1,1,1,1,1,1,1,1,1,1,1,1,1,1,1,1,1,7,6,7,1,1,3,6,4,1,1,1,51,52,1,70,5.091,96.867,96.869,10,2,2,2,None,133
5/23/2025 10:06,5/23/2025 10:10,100,249,1,5/23/2025 10:10,Edge,136.0.0.0,Windows,1920x1080,41.709,41.709,41.714,1,1,5,2,1,5,5,1,2,1,2,5,1,1,5,1,1,2,1,7,6,5,3,4,5,7,6,6,1,2,100,100,50,40,3.468,19.647,19.65,5,2,2,2,,137
5/23/2025 10:59,5/23/2025 11:06,100,445,1,5/23/2025 11:06,Chrome,109.0.0.0,Windows,1600x900,130.74,130.74,130.75,1,3,5,3,4,5,5,7,3,4,3,5,7,3,5,7,7,2,2,7,5,5,2,3,7,7,7,2,1,5,70,60,70,60,6.062,16.797,16.804,5,1,2,2,,141
5/23/2025 10:57,5/23/2025 11:02,100,311,1,5/23/2025 11:02,Chrome,136.0.0.0,Mac OS,1440x900,147.102,147.102,147.109,1,3,4,3,3,4,4,4,3,3,3,4,4,3,4,4,4,3,3,5,6,5,4,4,5,6,6,5,4,3,46,46,33,26,1.76,9.229,9.236,5,1,2,2,,151
5/23/2025 10:07,5/23/2025 10:13,100,393,1,5/23/2025 10:13,Chrome,136.0.0.0,Windows,1536x864,23.187,46.56,46.563,2,1,7,1,1,7,3,1,1,1,1,7,1,1,7,1,1,1,1,7,2,2,2,1,1,7,1,7,1,5,11,0,10,20,3.925,15.421,15.431,5,2,2,2,,152
5/23/2025 10:42,5/23/2025 10:47,100,308,1,5/23/2025 10:47,Firefox,138,Mac OS,2304x1296,26.865,26.865,26.87,1,2,5,1,2,5,6,1,1,2,1,5,1,2,5,1,1,1,2,4,4,7,2,2,2,6,4,2,3,5,88,80,50,75,2.571,22.331,22.334,7,1,2,2,None,154
5/23/2025 10:05,5/23/2025 10:13,100,422,1,5/23/2025 10:13,Chrome,136.0.0.0,Windows,1536x864,30.183,30.183,30.186,1,1,6,5,1,3,7,1,7,1,3,7,1,1,6,1,1,1,1,3,7,6,6,6,4,6,5,5,6,2,63,92,19,20,5.025,18.61,18.62,5,1,2,2,,158
5/23/2025 10:18,5/23/2025 10:23,100,347,1,5/23/2025 10:23,Chrome,136.0.0.0,Windows,1280x720,30.945,30.945,30.95,1,4,5,2,4,5,5,2,2,3,2,5,2,3,5,2,2,2,3,5,4,2,2,2,2,6,4,5,1,3,34,25,46,49,10.956,30.864,30.87,6,2,2,2,n/a,159
5/23/2025 10:21,5/23/2025 10:25,100,255,1,5/23/2025 10:25,Edge,136.0.0.0,Windows,1536x960,56.467,56.467,56.475,1,3,3,1,3,3,3,3,1,3,1,3,3,3,3,3,3,1,3,5,5,5,1,1,5,5,5,1,1,3,82,80,12,50,6.553,19.675,19.681,6,1,2,2,,164
5/23/2025 10:10,5/23/2025 10:19,100,519,1,5/23/2025 10:19,Chrome,136.0.0.0,Chromium OS,1097x617,223.468,223.468,223.49,1,1,1,1,1,1,1,1,1,1,1,1,1,1,1,1,1,1,1,7,1,7,7,1,6,6,6,6,1,1,40,40,50,40,5.453,24.088,24.102,5,2,2,1,,166
5/23/2025 10:06,5/23/2025 10:09,100,186,1,5/23/2025 10:09,Chrome,133.0.0.0,Mac OS,1440x900,21.814,21.814,21.818,1,5,6,4,3,7,5,4,4,5,5,7,3,5,7,3,6,3,3,7,6,4,5,4,2,6,5,4,2,3,57,30,9,52,4.286,15.486,15.488,7,2,2,2,,170
5/23/2025 10:36,5/23/2025 10:39,100,158,1,5/23/2025 10:39,Chrome,136.0.0.0,Windows,1366x768,15.058,15.058,15.074,1,1,3,2,2,3,3,2,2,2,2,3,2,2,3,2,2,2,2,5,2,3,2,2,4,5,5,3,2,4,29,21,45,38,4.652,20.34,20.347,11,2,2,2,,171
5/23/2025 10:07,5/23/2025 10:13,100,340,1,5/23/2025 10:13,Chrome,132.0.0.0,Windows,1600x900,41.095,41.095,41.101,1,6,7,4,6,7,7,6,5,6,5,7,6,6,7,5,5,5,7,7,7,7,5,6,7,7,6,5,5,3,97,95,61,80,4.358,16.211,16.215,7,1,2,2,Great content.,180
5/23/2025 10:18,5/23/2025 10:24,100,356,1,5/23/2025 10:24,Chrome,137.0.0.0,Windows,1600x900,28.896,28.896,28.906,1,1,5,2,1,4,5,1,1,1,1,3,2,1,3,2,1,2,2,3,6,5,6,2,3,6,4,5,2,1,85,65,60,35,9.17,29.379,29.393,5,2,2,2,,181
5/23/2025 10:11,5/23/2025 10:17,100,347,1,5/23/2025 10:17,Chrome,136.0.0.0,Windows,1536x864,6.413,34.165,34.187,3,1,3,2,1,3,3,1,2,1,2,3,1,1,3,1,1,2,1,6,7,6,3,2,3,5,5,4,2,5,94,94,50,80,2.831,16.063,16.084,8,1,2,2,"I would only share for the amusement value, not because I thought the headline was true.",183
5/23/2025 10:16,5/23/2025 10:22,100,394,1,5/23/2025 10:22,Edge,136.0.0.0,Windows,1920x1200,42.217,42.217,42.225,1,1,1,1,1,1,6,1,1,1,1,1,1,1,1,1,1,1,1,6,7,7,5,1,1,5,5,4,2,3,21,22,10,32,11.74,22.878,22.886,5,2,2,2,,184
5/23/2025 10:18,5/23/2025 10:25,100,380,1,5/23/2025 10:25,Chrome,136.0.0.0,Windows,1920x1080,27.16,27.16,27.165,1,2,6,4,2,6,4,2,3,3,5,6,4,5,4,4,3,3,4,5,6,5,3,2,4,5,4,4,4,2,80,85,26,19,4.765,19.909,19.923,5,1,2,2,"I would prefer to verify anything I'm sharing for accuracy, although once in awhile I'll share something with a disclaimer, like ""Don't Know if this is true, but, hahahaha!"" Thank you for allowing me to participate in your survey.",188
5/23/2025 10:18,5/23/2025 10:56,100,2332,1,5/23/2025 10:56,Chrome,136.0.0.0,Windows,2560x1440,6.646,6.646,6.652,1,4,5,4,5,3,4,3,3,4,4,3,2,4,5,4,3,5,3,4,5,6,5,6,5,4,5,6,4,4,34,41,17,25,1.029,9.429,9.438,8,2,2,1,,190
5/23/2025 10:13,5/23/2025 10:20,100,426,1,5/23/2025 10:20,Chrome,136.0.0.0,Windows,1920x1080,6.235,6.235,6.241,1,4,3,4,3,5,4,5,3,3,4,3,4,3,6,4,3,4,5,5,3,4,4,5,2,6,4,5,3,4,80,70,43,54,3.168,9.11,9.114,5,1,2,2,,193
5/23/2025 10:39,5/23/2025 10:46,100,394,1,5/23/2025 10:46,Chrome,136.0.0.0,Windows,1920x1080,53.166,53.166,53.176,1,1,5,1,1,5,5,4,1,1,1,5,4,1,5,4,4,1,1,6,4,6,2,1,1,4,3,1,1,1,90,90,20,50,6.784,31.969,31.986,7,1,2,2,,199
5/23/2025 10:04,5/23/2025 10:09,100,303,1,5/23/2025 10:09,Edge,136.0.0.0,Windows,1366x768,39.944,39.944,39.955,1,5,2,4,4,4,3,2,1,1,5,4,1,5,4,2,1,1,2,7,7,5,6,5,6,6,5,5,4,1,50,40,21,19,3.071,12.471,12.489,6,1,2,2,no,200
5/23/2025 10:17,5/23/2025 10:21,100,194,1,5/23/2025 10:21,Chrome,136.0.0.0,Windows,1536x960,30.651,30.651,30.655,1,2,3,3,3,2,3,2,3,2,2,2,3,2,2,3,2,3,3,6,6,6,6,2,2,5,2,3,1,2,83,79,43,37,3.577,11.463,11.467,5,2,2,2,,201
5/23/2025 10:05,5/23/2025 10:18,100,774,1,5/23/2025 10:18,Chrome,136.0.0.0,Windows,1366x768,156.76,156.76,156.786,1,5,7,6,7,5,6,5,6,7,6,6,7,5,6,3,5,6,5,7,5,6,7,6,7,6,7,7,6,6,95,56,86,71,2.181,6.591,6.616,6,1,2,2,,203
5/23/2025 10:13,5/23/2025 10:16,100,164,1,5/23/2025 10:16,Chrome,136.0.0.0,Windows,1920x1080,30.828,30.828,30.845,1,1,1,1,1,1,1,1,1,1,1,1,1,1,1,1,1,1,1,1,1,1,1,1,1,2,1,1,1,1,0,1,0,0,2.702,8.662,8.671,5,2,2,2,No,206
5/23/2025 10:34,5/23/2025 10:38,100,230,1,5/23/2025 10:38,Chrome,130.0.0.0,Windows,1920x1080,4.72,8.577,8.582,2,3,6,4,5,5,6,3,3,4,5,6,4,5,4,5,5,5,4,7,6,5,3,2,3,7,5,2,1,1,86,86,39,31,1.065,13.266,13.269,7,1,2,2,No,207
5/23/2025 10:15,5/23/2025 10:21,100,329,1,5/23/2025 10:21,Firefox,138,Windows,1760x990,47.369,47.369,47.376,1,1,3,1,1,2,1,1,1,1,2,2,1,1,2,1,1,1,1,6,6,7,4,4,7,7,5,4,4,2,90,95,63,49,4.423,18.318,18.322,5,1,2,2,,210
5/23/2025 10:05,5/23/2025 10:10,100,313,1,5/23/2025 10:10,Chrome,136.0.0.0,Windows,1536x864,19.367,19.367,19.37,1,1,6,5,1,5,7,1,6,1,5,4,1,1,5,1,1,6,1,6,6,5,5,4,5,7,5,6,2,2,71,100,61,41,2.813,13.363,13.369,5,1,2,2,no comments,213
5/23/2025 10:52,5/23/2025 11:06,100,847,1,5/23/2025 11:06,Chrome,136.0.0.0,Windows,1366x768,329.278,329.278,329.296,1,6,6,5,5,6,5,5,6,5,4,5,5,5,4,5,5,6,5,6,7,7,4,4,6,7,7,4,4,1,50,59,62,50,18.63,39.826,39.842,5,1,2,2,,214
5/23/2025 10:05,5/23/2025 10:11,100,346,1,5/23/2025 10:11,Chrome,126.0.0.0,Chromium OS,1366x768,1.376,6.508,6.53,2,5,5,5,4,5,4,4,4,5,5,5,7,6,5,7,6,6,6,1,1,1,1,7,1,1,1,1,7,4,61,50,39,51,3.836,12.01,12.024,7,1,2,2,,216
5/23/2025 10:27,5/23/2025 10:31,100,260,1,5/23/2025 10:31,Chrome,136.0.0.0,Windows,1402x789,44.77,44.77,44.775,1,4,3,4,3,4,3,4,3,4,4,4,3,4,5,3,4,3,3,5,5,5,6,4,5,6,6,5,4,2,85,85,85,90,5.733,19.308,19.321,6,1,2,2,"No comments, thanks",218
5/23/2025 10:17,5/23/2025 10:23,100,371,1,5/23/2025 10:23,Edge,136.0.0.0,Windows,1536x864,33.761,33.761,33.767,1,3,1,1,1,1,1,1,1,1,1,1,1,1,1,1,1,1,1,7,3,4,4,1,5,5,4,4,1,1,42,56,51,35,5.611,23.22,23.229,6,1,2,2,none,221
5/23/2025 10:09,5/23/2025 10:12,100,188,1,5/23/2025 10:12,Chrome,136.0.0.0,Windows,1920x1080,11.734,11.734,11.748,1,1,1,1,1,1,1,1,1,1,1,1,1,1,1,1,1,1,1,7,7,5,5,6,4,7,4,4,4,1,50,50,50,70,7.951,22.503,22.52,6,2,2,2,,222
5/23/2025 10:10,5/23/2025 10:18,100,457,1,5/23/2025 10:18,Chrome,136.0.0.0,Chromium OS,1366x768,36.027,36.027,36.04,1,1,6,1,1,5,6,1,1,1,1,6,1,1,6,1,1,1,1,7,6,6,1,1,6,6,6,3,3,1,43,85,22,69,2.618,14.857,14.879,6,1,2,2,no comments,227
5/23/2025 10:06,5/23/2025 10:09,100,179,1,5/23/2025 10:09,Chrome,136.0.0.0,Windows,1366x768,21.542,21.542,21.55,1,1,1,1,1,1,1,1,1,1,1,1,1,1,1,1,1,1,1,7,7,3,5,3,7,7,1,3,1,1,90,95,40,50,3.637,12.422,12.428,5,2,2,2,none,230
5/23/2025 10:19,5/23/2025 10:23,100,247,1,5/23/2025 10:23,Chrome,136.0.0.0,Windows,1366x768,3.382,35.489,35.508,2,3,4,5,2,5,3,3,3,2,3,4,2,2,3,2,2,3,1,3,2,5,3,2,3,6,6,5,4,2,40,40,49,69,3.345,12.32,12.34,6,2,2,2,i enjoyed this study :),231
5/23/2025 10:34,5/23/2025 10:36,100,159,1,5/23/2025 10:36,Chrome,136.0.0.0,Windows,2560x1080,9.045,25.44,25.453,5,1,2,1,1,2,3,1,1,1,1,4,1,1,1,2,2,1,1,7,6,3,4,1,3,7,5,6,1,1,75,92,10,28,2.605,11.202,11.204,8,1,2,2,no,237
5/23/2025 10:09,5/23/2025 10:11,100,138,1,5/23/2025 10:11,Brave,136.0.0.0,Windows,2560x1440,10.508,10.508,10.512,1,2,3,3,3,3,2,2,2,2,3,3,3,3,2,3,2,2,3,3,6,4,5,3,4,6,6,5,3,2,70,78,25,35,3.459,11.418,11.435,6,1,2,2,,240
5/23/2025 10:13,5/23/2025 10:19,100,307,1,5/23/2025 10:19,Chrome,133.0.0.0,Windows,1366x768,49.342,49.342,49.347,1,1,6,3,1,6,6,5,2,1,2,6,6,2,5,5,6,5,1,7,7,6,4,2,1,7,4,4,4,5,95,90,50,11,5.647,27.95,27.954,14,1,2,2,,247
5/23/2025 10:26,5/23/2025 10:29,100,218,1,5/23/2025 10:29,Chrome,136.0.0.0,Mac OS,1440x900,43.959,43.959,43.964,1,1,1,1,1,1,1,1,1,1,1,1,1,1,1,1,1,1,1,2,2,2,2,1,2,5,4,2,2,3,69,70,41,32,5.173,16.958,16.962,6,2,2,2,,255
5/23/2025 10:05,5/23/2025 10:08,100,189,1,5/23/2025 10:08,Brave,136.0.0.0,Windows,1680x1050,49.388,49.388,49.406,1,1,1,1,1,1,1,1,1,1,1,1,1,1,1,1,1,1,1,1,1,1,1,1,1,1,1,1,1,3,0,0,0,0,4.38,17.708,17.725,5,2,2,2,,258
5/23/2025 10:05,5/23/2025 10:18,100,795,1,5/23/2025 10:18,Chrome,136.0.0.0,Windows,1280x720,24.81,24.81,24.825,1,4,3,4,6,4,7,4,3,4,4,4,3,6,6,2,3,3,7,5,6,6,6,5,7,6,5,6,7,1,76,79,46,53,2.469,6.685,6.696,5,1,2,2,very educating,260
5/23/2025 10:28,5/23/2025 10:31,100,173,1,5/23/2025 10:31,Chrome,136.0.0.0,Windows,1680x1050,11.574,11.574,11.581,1,1,5,4,1,4,2,2,2,2,4,5,4,4,2,2,2,2,3,5,7,5,4,2,4,5,4,4,2,3,79,71,10,13,2.116,8.887,8.904,5,1,2,2,none,261
5/23/2025 10:06,5/23/2025 10:11,100,252,1,5/23/2025 10:11,Chrome,136.0.0.0,Windows,1366x768,31.108,31.108,31.121,1,1,6,2,1,6,6,4,2,1,2,6,2,1,6,2,2,2,1,7,4,4,3,2,5,6,2,5,2,2,99,97,50,40,3.139,11.19,11.197,5,1,2,2,,268
5/23/2025 10:10,5/23/2025 10:35,100,1481,1,5/23/2025 10:35,Chrome,136.0.0.0,Windows,1440x900,181.337,181.337,181.365,1,5,5,5,4,5,5,5,5,5,5,5,5,5,5,5,5,5,5,6,6,6,6,6,6,6,6,6,6,1,100,97,95,99,43.222,57.454,57.477,5,1,2,2,the survey was  good,274
5/23/2025 10:05,5/23/2025 10:15,100,634,1,5/23/2025 10:15,Edge,136.0.0.0,Windows,1366x768,9.433,45.071,45.086,4,3,4,3,4,3,3,4,5,3,2,3,4,3,3,3,2,4,3,5,7,5,3,5,6,5,5,4,3,4,92,97,68,70,1.994,12.666,12.674,8,1,2,2,none,278
5/23/2025 10:15,5/23/2025 10:21,100,332,1,5/23/2025 10:21,Firefox,138,Windows,1536x864,47.432,47.432,47.436,1,1,5,1,1,2,4,1,1,1,4,4,1,1,4,1,1,1,1,7,3,2,2,1,7,3,2,4,1,6,90,90,81,70,3.761,13.697,13.699,5,2,2,2,,280
5/23/2025 10:30,5/23/2025 10:37,100,440,1,5/23/2025 10:37,Chrome,136.0.0.0,Windows,1280x800,23.31,23.31,23.327,1,5,3,4,3,4,5,3,4,3,4,3,4,3,4,3,4,3,5,5,7,6,6,5,5,7,5,6,5,2,84,51,76,55,20.476,45.419,45.435,8,1,2,2,na,285
5/23/2025 10:16,5/23/2025 10:26,100,630,1,5/23/2025 10:26,Chrome,136.0.0.0,Windows,1366x768,21.489,57.201,57.207,3,4,7,3,6,6,7,6,2,4,5,6,7,3,4,7,5,6,3,5,7,3,5,2,3,7,4,5,2,2,69,98,21,39,4.35,15.652,15.665,7,1,2,2,,288
5/23/2025 10:29,5/23/2025 10:34,100,293,1,5/23/2025 10:34,Chrome,136.0.0.0,Windows,1280x720,39.048,39.048,39.056,1,5,7,3,5,7,7,6,2,5,3,7,6,5,7,6,6,2,6,7,5,6,5,2,5,7,6,5,3,5,93,97,85,36,3.234,43.766,43.774,10,1,2,2,,290
5/23/2025 10:27,5/23/2025 10:30,100,206,1,5/23/2025 10:30,Chrome,136.0.0.0,Windows,1536x864,3.48,21.711,21.718,4,1,1,1,1,1,1,1,1,1,1,1,1,1,1,1,1,1,1,4,7,6,3,1,2,6,1,2,1,1,71,80,0,10,4.152,15.062,15.092,6,2,2,2,,293
5/23/2025 10:07,5/23/2025 10:14,100,431,1,5/23/2025 10:14,Chrome,136.0.0.0,Windows,1600x900,44.577,44.577,44.596,1,1,1,2,1,1,1,2,2,1,2,1,3,1,1,3,3,2,1,7,6,5,3,3,3,7,5,3,1,1,82,89,20,59,3.574,19.146,19.161,5,2,2,2,,296
5/23/2025 10:26,5/23/2025 10:30,100,198,1,5/23/2025 10:30,Brave,136.0.0.0,Windows,1680x1050,103.886,103.886,103.89,1,3,1,4,1,4,1,3,1,1,3,3,1,3,3,1,3,1,1,5,7,5,7,2,5,6,3,6,2,5,11,5,27,1,2.139,7.83,7.842,5,2,2,2,,297
5/23/2025 10:19,5/23/2025 10:22,100,169,1,5/23/2025 10:22,Edge,136.0.0.0,Windows,1536x864,35.001,35.001,35.007,1,1,1,1,1,1,1,1,1,1,1,1,1,1,1,1,1,1,1,5,6,5,2,1,5,7,6,3,1,1,90,97,52,41,4.798,12.255,12.273,5,2,2,2,,301
5/23/2025 10:09,5/23/2025 10:13,100,272,1,5/23/2025 10:13,Firefox,138,Windows,1280x720,26.755,83.83,83.833,7,1,4,1,1,4,4,1,1,1,1,4,1,1,4,1,1,1,1,5,5,6,4,1,4,6,4,4,1,2,70,70,40,10,5.948,19.201,19.207,5,1,2,2,NO,306
5/23/2025 10:04,5/23/2025 10:11,100,416,1,5/23/2025 10:11,Firefox,138,Windows,1200x1920,16.028,94.912,94.926,3,5,6,1,5,5,6,1,1,5,1,6,1,6,5,1,1,1,5,6,7,6,3,4,3,6,5,5,3,1,80,70,20,30,2.949,14.22,14.222,6,1,2,2,,308
5/23/2025 10:06,5/23/2025 10:09,100,222,1,5/23/2025 10:09,Chrome,136.0.0.0,Windows,1366x768,8.031,8.031,8.048,1,2,5,2,5,5,3,7,3,3,4,5,3,3,5,3,4,2,3,6,7,6,4,2,4,6,3,4,3,5,60,78,48,47,3.398,13.271,13.282,5,1,2,2,NO,314
5/23/2025 10:07,5/23/2025 10:10,100,227,1,5/23/2025 10:10,Edge,136.0.0.0,Windows,1536x864,58.563,58.563,58.569,1,1,1,3,2,1,1,1,2,3,4,4,2,2,3,2,3,3,2,4,6,3,6,4,2,5,6,7,4,3,0,0,0,0,3.609,12.61,12.617,5,2,2,2,MAGA,327
5/23/2025 10:15,5/23/2025 10:22,100,390,1,5/23/2025 10:22,Chrome,128.0.0.0,Mac OS,1440x900,1.743,61.735,61.741,2,1,2,4,1,2,1,1,2,1,5,2,1,2,1,1,1,4,2,6,4,5,1,5,2,3,1,1,2,5,80,69,31,30,7.614,22.759,22.764,5,2,2,2,n/a,328
5/23/2025 10:06,5/23/2025 10:09,100,160,1,5/23/2025 10:09,Chrome,136.0.0.0,Linux,1280x1024,43.237,43.237,43.259,1,4,1,3,1,2,1,3,1,2,2,2,1,3,3,1,3,1,1,2,4,5,6,1,4,6,6,4,2,4,8,7,31,9,3.066,8.205,8.222,5,2,2,2,,331
5/23/2025 10:29,5/23/2025 10:34,100,256,1,5/23/2025 10:34,Chrome,136.0.0.0,Windows,1368x912,120.065,120.065,120.083,1,1,1,1,1,1,1,1,1,1,1,1,1,1,1,1,1,1,1,7,7,7,7,4,3,5,4,4,1,4,74,74,43,50,5.273,13.525,13.539,5,2,2,2,No comments,334
5/23/2025 10:20,5/23/2025 10:25,100,275,1,5/23/2025 10:25,Chrome,136.0.0.0,Windows,1920x1080,71.342,71.342,71.354,1,5,2,2,1,2,1,4,1,1,1,1,3,1,1,3,3,1,1,6,4,6,2,2,6,4,6,2,2,5,6,11,50,50,3.903,20.968,20.971,6,1,2,2,none,335
5/23/2025 10:20,5/23/2025 10:26,100,328,1,5/23/2025 10:26,Chrome,136.0.0.0,Windows,1600x900,17.615,17.615,17.624,1,3,3,3,3,3,3,2,2,3,3,2,3,2,2,2,2,2,3,2,3,4,2,1,1,1,1,1,1,1,1,3,4,10,4.185,9.563,9.572,5,2,2,2,,337
5/23/2025 10:08,5/23/2025 10:18,100,587,1,5/23/2025 10:18,Firefox,129,Windows,2049x1152,37.651,55.156,55.194,2,4,5,4,2,4,2,2,2,4,3,2,3,2,3,2,3,2,3,3,7,7,3,4,1,7,4,4,2,3,34,23,22,39,4.914,18.018,18.047,6,2,2,2,,340
5/23/2025 10:04,5/23/2025 10:13,100,519,1,5/23/2025 10:13,Chrome,136.0.0.0,Windows,1707x1067,2.796,15.505,15.524,4,3,1,2,1,2,1,2,1,3,2,3,1,4,2,1,3,1,1,6,5,5,6,5,3,6,4,3,1,3,32,27,24,22,6.839,21.986,22.006,6,1,2,2,,349
5/23/2025 10:15,5/23/2025 10:25,100,604,1,5/23/2025 10:25,Chrome,136.0.0.0,Windows,1920x1080,30.69,30.69,30.698,1,1,7,3,2,7,7,1,4,1,3,7,1,1,7,1,1,3,1,5,7,7,1,1,1,7,7,4,1,2,20,9,6,2,5.332,16.318,16.328,5,1,2,2,"I liked the one about the old people escaping to attend heavy metal concert, although I think that is extremely unlikely.",352
5/23/2025 10:09,5/23/2025 10:15,100,331,1,5/23/2025 10:15,Chrome,109.0.0.0,Windows,1366x768,14.259,85.202,85.276,2,3,1,1,3,1,2,3,4,2,3,4,3,4,1,1,3,4,1,4,3,6,3,5,4,3,6,2,5,2,77,76,59,42,1.713,8.177,8.22,5,2,2,2,,356
5/23/2025 10:04,5/23/2025 10:13,100,516,1,5/23/2025 10:13,Firefox,138,Windows,1366x768,9.054,9.054,9.06,1,5,4,6,5,3,3,5,6,5,3,5,6,4,5,4,6,4,3,4,4,3,5,6,6,6,5,4,4,4,51,48,27,64,36.519,152.793,152.8,8,3,2,2,no,358
5/23/2025 10:35,5/23/2025 10:47,100,731,1,5/23/2025 10:47,Chrome,136.0.0.0,Windows,1280x720,6.649,319.771,319.774,3,1,1,1,1,1,1,1,1,1,1,1,1,1,1,1,1,1,1,7,7,7,4,1,7,7,5,4,1,1,69,49,10,31,5.251,224.696,224.707,6,2,2,2,,365
5/23/2025 10:15,5/23/2025 10:18,100,135,1,5/23/2025 10:18,Chrome,136.0.0.0,Windows,1920x1080,15.187,15.187,15.19,1,1,5,1,1,5,5,1,1,1,1,5,1,1,5,1,1,1,1,3,4,6,1,1,3,6,6,2,2,5,77,69,28,30,2.857,8.189,8.192,5,2,2,2,,367
5/23/2025 10:40,5/23/2025 10:50,100,590,1,5/23/2025 10:50,Chrome,136.0.0.0,Windows,1920x1080,46.083,46.083,46.089,1,3,3,5,4,3,4,1,5,3,5,4,5,5,4,4,6,5,3,4,5,3,2,5,5,5,4,2,5,5,75,51,40,61,9.499,28.883,28.888,6,1,2,2,no,368
5/23/2025 10:16,5/23/2025 10:19,100,150,1,5/23/2025 10:19,Chrome,136.0.0.0,Windows,1536x864,13.895,13.895,13.908,1,1,1,1,1,1,1,1,1,1,1,1,1,1,1,1,1,1,1,6,5,6,1,1,6,6,6,1,1,6,78,75,36,66,2.403,7.398,7.416,5,2,2,2,,371
5/23/2025 10:05,5/23/2025 10:09,100,243,1,5/23/2025 10:09,Chrome,136.0.0.0,Chromium OS,1536x864,29.098,29.098,29.121,1,2,6,3,1,4,6,1,2,1,3,4,1,2,5,2,1,2,1,6,7,4,3,5,5,7,2,3,2,1,87,84,59,60,5.055,16.481,16.494,5,2,2,2,"Worked well, Thank you",374
5/23/2025 10:39,5/23/2025 10:43,100,221,1,5/23/2025 10:43,Firefox,138,Windows,1920x1080,29.41,29.41,29.414,1,1,1,1,1,1,1,1,1,1,1,1,1,1,1,1,1,1,1,4,6,6,4,2,3,5,4,4,2,2,95,95,10,20,5.442,18.416,18.418,5,1,2,2,These headlines just wouldn't be very interesting to my social media friends.,386
5/23/2025 10:13,5/23/2025 10:17,100,247,1,5/23/2025 10:17,Safari,18.5,Mac OS,1470x956,29.673,29.673,29.677,1,1,1,1,1,1,1,1,1,1,1,2,1,2,1,1,1,1,2,5,7,5,4,4,1,6,2,1,1,1,97,96,6,39,4.505,16.371,16.376,6,2,2,2,,389
5/23/2025 10:15,5/23/2025 10:18,100,157,1,5/23/2025 10:18,Chrome,136.0.0.0,Android,384x832,9.192,9.192,9.204,1,1,1,1,1,1,1,1,1,1,1,1,1,1,1,1,1,1,1,4,7,7,7,1,2,5,6,7,1,1,12,16,12,9,2.889,7.922,7.934,5,2,2,2,The headlines in this particular survey were basically frivolous and are not something I would share,391
5/23/2025 10:36,5/23/2025 10:41,100,299,1,5/23/2025 10:41,Chrome,136.0.0.0,Windows,1280x720,100.759,100.759,100.777,1,1,1,1,1,1,1,1,1,1,1,1,1,1,1,1,1,1,1,4,7,4,4,1,1,4,1,1,1,1,79,80,0,0,7.607,22.069,22.074,7,2,2,2,"None, thank you",394
5/23/2025 10:26,5/23/2025 10:31,100,279,1,5/23/2025 10:31,Chrome,136.0.0.0,Windows,1920x1080,1.971,24.411,24.424,5,1,1,1,1,1,1,3,1,1,1,1,3,1,1,3,3,1,1,1,7,7,1,1,1,7,1,1,1,1,100,100,50,50,2.839,9.063,9.072,5,1,2,2,,396
5/23/2025 10:17,5/23/2025 10:23,100,374,1,5/23/2025 10:23,Avast Secure Browser,134.0.0.0,Windows,1800x1200,29.338,29.338,29.344,1,1,7,3,1,7,2,1,2,2,4,7,2,2,3,2,1,2,3,5,7,4,6,4,5,7,2,6,2,1,90,90,20,10,3.408,37.706,37.723,9,1,2,2,,399
5/23/2025 10:25,5/23/2025 10:30,100,292,1,5/23/2025 10:30,Chrome,136.0.0.0,Mac OS,2560x1080,41.131,65.457,65.461,12,1,3,3,1,3,3,1,3,1,3,3,1,1,3,1,1,3,1,7,4,6,3,2,6,5,4,3,1,2,67,59,38,40,5.401,12.587,12.601,7,2,2,2,,403
5/23/2025 10:15,5/23/2025 10:22,100,393,1,5/23/2025 10:22,Chrome,135.0.0.0,Chromium OS,1536x864,254.401,254.401,254.418,1,1,1,2,1,1,1,2,2,1,1,1,2,1,1,1,1,1,1,7,5,7,5,1,2,5,3,2,2,4,0,89,9,31,4.968,13.381,13.386,5,2,2,2,,404
5/23/2025 10:10,5/23/2025 10:19,100,539,1,5/23/2025 10:19,Chrome,135.0.0.0,Windows,1920x1080,13.924,41.499,41.511,3,5,5,5,6,5,6,5,5,6,6,6,6,6,6,6,6,6,5,7,6,5,6,5,2,7,4,3,1,5,51,71,50,70,4.39,17.661,17.667,5,1,2,2,No comments,409
5/23/2025 10:10,5/23/2025 10:19,100,559,1,5/23/2025 10:19,Chrome,135.0.0.0,Windows,1920x1080,45.26,45.26,45.271,1,5,6,6,7,5,7,5,5,6,7,7,7,7,6,6,7,7,5,7,6,5,4,3,2,7,4,3,1,5,70,70,49,51,28.844,37.036,37.045,5,1,2,2,No comments,411
5/23/2025 10:32,5/23/2025 10:42,100,597,1,5/23/2025 10:42,Firefox,138,Windows,1366x768,32.641,32.641,32.663,1,5,4,5,4,5,4,5,4,5,5,5,4,5,5,4,5,4,4,5,5,5,7,5,4,4,4,4,4,4,50,50,50,50,1.328,21.706,21.736,7,1,2,2,nothing really ,423
5/23/2025 10:18,5/23/2025 10:34,100,963,1,5/23/2025 10:34,Chrome,136.0.0.0,Mac OS,2560x1440,6.909,35.713,35.746,3,5,6,5,5,6,6,1,5,4,5,6,1,4,6,2,2,6,4,5,2,6,2,2,5,6,7,4,1,5,91,91,49,50,187.196,196.532,196.554,6,1,2,2,,424
5/23/2025 10:46,5/23/2025 10:50,100,244,1,5/23/2025 10:50,Chrome,136.0.0.0,Chromium OS,1366x768,25.317,25.317,25.334,1,1,2,1,1,2,2,1,1,1,1,2,1,1,2,1,1,1,1,5,7,7,2,1,4,6,6,2,1,2,91,80,30,29,7.484,22.284,22.299,6,1,2,2,no,429
5/23/2025 10:10,5/23/2025 10:16,100,331,1,5/23/2025 10:16,Chrome,135.0.0.0,Chromium OS,1366x768,3.266,75.578,75.598,2,1,2,1,3,1,4,2,1,3,1,2,1,1,2,1,2,1,1,7,5,4,2,4,6,6,6,4,5,4,39,50,72,88,2.688,14.421,14.439,8,2,2,2,,433
5/23/2025 10:12,5/23/2025 10:17,100,317,1,5/23/2025 10:17,Firefox,138,Windows,1600x900,51.644,51.644,51.649,1,1,2,2,2,2,2,3,2,2,2,3,3,2,2,3,3,2,2,5,5,6,4,2,4,6,5,5,2,2,80,90,50,41,9.75,22.167,22.17,6,2,2,2,proofread,434
5/23/2025 10:11,5/23/2025 10:15,100,236,1,5/23/2025 10:15,Chrome,136.0.0.0,Windows,1366x768,53.49,53.49,53.503,1,1,1,1,1,1,1,1,1,1,1,1,1,1,1,1,1,1,1,1,1,1,1,1,4,7,5,4,2,1,91,100,10,20,4.648,18.327,18.344,5,2,2,2,,437
5/23/2025 10:12,5/23/2025 10:16,100,186,1,5/23/2025 10:16,Chrome,136.0.0.0,Windows,1920x1080,19.082,19.082,19.085,1,5,7,5,5,6,7,4,4,5,6,7,7,5,5,5,7,6,4,7,5,2,2,5,4,6,4,1,6,5,73,93,60,61,5.026,14.094,14.111,6,1,2,2,,438
5/23/2025 10:05,5/23/2025 10:09,100,249,1,5/23/2025 10:09,Mobile Safari,18.4,iOS,430x932,8.3,8.3,8.306,1,1,2,1,1,2,1,1,1,1,1,2,1,1,2,1,1,1,1,7,7,7,1,1,5,7,4,5,1,1,21,13,5,4,7.752,14.787,14.794,6,2,2,2,,439
5/23/2025 10:33,5/23/2025 10:36,100,197,1,5/23/2025 10:36,Chrome,136.0.0.0,Windows,3840x1200,12.832,12.832,12.835,1,1,5,1,1,5,5,1,1,1,1,5,1,1,5,1,1,1,1,7,3,4,2,1,6,6,1,1,1,5,100,100,30,60,6.695,25.045,25.053,6,2,2,2,no other comments,447
5/23/2025 10:07,5/23/2025 10:12,100,303,1,5/23/2025 10:12,Firefox,115,Windows,1920x1080,27.536,27.536,27.558,1,1,3,1,1,1,3,2,1,1,1,3,4,1,3,4,4,1,1,7,5,4,4,2,1,5,1,1,1,2,94,95,50,50,7.01,26.059,26.069,5,2,2,2,no,451
5/23/2025 10:18,5/23/2025 10:22,100,242,1,5/23/2025 10:22,Chrome,135.0.0.0,Mac OS,1440x900,19.233,19.233,19.237,1,1,2,1,4,1,4,1,1,2,4,3,2,2,2,2,3,3,1,6,6,4,2,6,6,6,5,5,5,1,59,30,40,41,2.857,9.509,9.511,5,2,2,2,no comments,455
5/23/2025 10:24,5/23/2025 10:30,100,379,1,5/23/2025 10:30,Chrome,136.0.0.0,Windows,1536x864,25.968,25.968,25.985,1,1,7,1,1,7,7,1,1,1,1,7,1,1,7,1,1,1,1,6,6,4,4,1,7,5,4,4,1,1,100,0,10,10,5.708,61.609,61.626,7,1,2,2,"God Bless those gentlemen who snuck out of the nursing home to attend a festival !!   I hope they had a good time . I enjoyed your study, thank you and have a nice weekend !",457
5/23/2025 10:12,5/23/2025 10:19,100,457,1,5/23/2025 10:19,Chrome,136.0.0.0,Windows,1920x1080,158.33,158.33,158.337,1,2,5,2,2,3,4,5,2,2,2,4,5,2,4,5,4,2,2,4,7,3,5,2,4,6,2,4,2,1,83,89,10,75,6.294,21.962,21.972,6,1,2,2,Fun study. Thank you :),459
5/23/2025 10:06,5/23/2025 10:13,100,382,1,5/23/2025 10:13,Chrome,136.0.0.0,Windows,1600x900,58.094,58.094,58.103,1,1,3,2,1,3,3,1,1,1,1,3,1,1,3,1,1,1,1,4,3,7,2,2,1,1,1,3,1,4,73,77,75,75,6.031,91.543,91.558,9,2,2,2,,468
5/23/2025 10:28,5/23/2025 10:38,100,591,1,5/23/2025 10:38,Firefox,138,Windows,1366x768,4.969,9.927,9.961,5,6,4,6,4,5,4,5,4,5,5,5,4,5,5,4,5,4,4,5,5,5,7,5,4,4,4,4,4,4,50,50,50,50,14.219,33.338,33.375,10,1,2,2,nothing really ,479
5/23/2025 10:26,5/23/2025 10:30,100,242,1,5/23/2025 10:30,Chrome,138.0.0.0,Windows,1536x864,8.82,8.82,8.853,1,3,4,3,4,3,4,3,4,3,2,3,4,3,2,4,3,4,3,5,4,5,4,5,5,4,5,4,5,4,45,51,68,64,5.719,8.17,8.199,4,1,2,2,,482
5/23/2025 10:22,5/23/2025 10:25,100,198,1,5/23/2025 10:25,Chrome,136.0.0.0,Chromium OS,1371x771,21.483,21.483,21.5,1,5,7,3,6,7,7,7,4,6,4,7,6,5,7,6,6,4,5,7,5,6,3,3,3,5,6,6,2,3,25,75,30,55,6.394,25.21,25.228,6,1,2,2,no comments,490
5/23/2025 10:07,5/23/2025 10:13,100,385,1,5/23/2025 10:13,Chrome,136.0.0.0,Windows,1920x1080,43.031,43.031,43.048,1,1,5,1,1,5,5,5,1,1,1,5,5,1,5,5,5,1,1,7,5,7,2,1,1,6,4,2,1,5,75,75,20,20,6.899,22.691,22.709,5,1,2,2,I'd like to read a couple of those stories.,494
5/23/2025 10:05,5/23/2025 10:09,100,268,1,5/23/2025 10:09,Chrome,135.0.0.0,Windows,1600x900,7.879,7.879,7.884,1,4,7,7,7,7,7,7,3,4,7,7,7,7,4,4,7,7,4,7,7,7,7,7,7,7,7,7,7,6,99,98,100,100,5.616,16.959,16.965,6,1,2,2,n/a,496
5/23/2025 10:23,5/23/2025 10:28,100,315,1,5/23/2025 10:28,Chrome,136.0.0.0,Mac OS,1440x900,22.757,22.757,22.766,1,6,7,5,7,7,7,6,6,7,6,7,6,6,7,6,7,5,6,6,7,7,6,6,7,7,7,7,7,3,89,81,68,72,2.409,14.777,14.789,8,1,2,2,No comments ,497
5/23/2025 10:10,5/23/2025 10:15,100,352,1,5/23/2025 10:15,Chrome,136.0.0.0,Windows,1600x900,65.228,65.228,65.234,1,1,3,1,1,3,1,1,1,1,1,3,2,2,1,2,1,1,2,6,7,6,1,1,7,7,7,1,1,1,80,80,21,21,4.885,20.347,20.362,5,2,2,2,No,498
5/23/2025 10:07,5/23/2025 10:11,100,244,1,5/23/2025 10:11,Chrome,136.0.0.0,Windows,1920x1080,32.18,32.18,32.194,1,3,5,4,5,5,5,4,5,5,5,5,5,5,5,4,4,4,5,6,5,6,4,4,1,6,6,6,2,4,69,70,24,59,4.281,17.553,17.564,9,1,2,2,Have a great day!,499
5/23/2025 10:22,5/23/2025 10:28,100,332,1,5/23/2025 10:28,Chrome,136.0.0.0,Windows,1504x1003,37.189,37.189,37.208,1,1,2,2,1,1,1,1,1,1,1,2,1,1,1,1,1,1,1,7,5,1,1,1,4,6,1,1,1,1,99,99,51,49,4.365,26.383,26.401,8,2,2,2,Thank You for the opportunity to participate!,504
5/23/2025 10:37,5/23/2025 10:43,100,378,1,5/23/2025 10:43,Edge,136.0.0.0,Windows,1536x864,27.146,27.146,27.153,1,4,1,1,1,4,1,1,1,4,1,4,1,4,4,1,1,1,1,2,4,2,4,1,1,4,1,5,1,4,10,10,0,30,4.572,20.029,20.034,9,2,2,2,,506
5/23/2025 10:04,5/23/2025 10:14,100,618,1,5/23/2025 10:14,Chrome,136.0.0.0,Windows,1600x900,13.066,34.786,34.802,4,3,6,4,5,5,6,2,3,4,6,7,6,6,4,5,6,4,4,6,7,5,3,4,2,7,4,3,1,4,90,92,35,40,6.968,62.291,62.295,11,1,2,2,,507
5/23/2025 10:30,5/23/2025 10:37,100,470,1,5/23/2025 10:37,Chrome,125.0.0.0,Windows,1366x768,74.763,74.763,74.774,1,3,5,2,3,5,4,7,3,5,2,5,5,5,3,5,3,5,3,7,5,6,6,6,6,6,7,6,6,1,71,73,28,26,4.214,14.421,14.425,6,1,2,2,,511
5/23/2025 10:08,5/23/2025 10:11,100,189,1,5/23/2025 10:11,Chrome,136.0.0.0,Windows,1920x1080,6.775,6.775,6.782,1,2,4,1,2,4,4,5,2,2,2,4,5,2,4,5,5,2,2,7,6,4,4,5,7,6,4,4,4,2,93,81,83,84,4.693,14.989,14.993,7,1,2,2,,518
5/23/2025 10:30,5/23/2025 10:34,100,213,1,5/23/2025 10:34,Chrome,136.0.0.0,Windows,1366x768,30.645,30.645,30.65,1,2,4,3,2,4,5,2,3,2,2,4,3,2,4,2,2,2,2,6,5,3,4,3,4,5,4,3,2,2,70,69,30,34,3.97,18.62,18.627,11,2,2,2,,525
5/23/2025 10:07,5/23/2025 10:10,100,198,1,5/23/2025 10:10,Chrome,137.0.0.0,Windows,1536x864,3.743,3.743,23.132,1,1,2,1,1,2,2,3,1,1,1,2,3,1,2,3,3,1,1,7,2,6,1,1,1,4,1,2,1,6,35,52,6,10,2.929,10.325,10.339,7,1,2,2,real headlines or stuff you made up?,537
5/23/2025 10:15,5/23/2025 10:24,100,541,1,5/23/2025 10:24,Edge,136.0.0.0,Windows,1368x912,96.92,96.92,96.939,1,1,3,2,2,3,3,2,1,1,2,3,2,2,3,3,3,2,1,5,6,5,1,2,5,7,4,1,3,1,72,66,53,30,7.194,20.499,20.514,5,1,2,1,N/A,555
5/23/2025 10:18,5/23/2025 10:21,100,169,1,5/23/2025 10:21,Chrome,136.0.0.0,Windows,1366x768,23.821,23.821,23.828,1,2,2,2,2,2,2,2,2,2,2,2,2,2,2,2,2,2,2,4,6,5,5,1,1,6,1,4,1,5,60,61,50,50,4.124,20.38,20.386,6,2,2,2,no,560
5/23/2025 10:07,5/23/2025 10:13,100,357,1,5/23/2025 10:13,Chrome,136.0.0.0,Chromium OS,1669x938,49.364,49.364,49.381,1,1,5,2,5,5,5,1,2,5,2,5,2,5,5,2,2,2,5,7,4,2,1,1,1,5,5,1,1,1,91,90,20,58,4.526,15.952,15.965,5,1,2,2,It was informative and entertaining ,562
5/23/2025 10:14,5/23/2025 10:17,100,191,1,5/23/2025 10:17,Edge,136.0.0.0,Windows,1536x864,35.776,35.776,35.796,1,1,3,1,1,2,3,1,1,1,1,2,1,1,2,1,1,1,1,6,6,1,4,1,2,7,4,5,1,1,90,90,60,81,3.273,12.31,12.312,6,1,2,2,,563
5/23/2025 10:30,5/23/2025 10:37,100,426,1,5/23/2025 10:37,Chrome,136.0.0.0,Windows,2000x838,47.838,47.838,47.847,1,4,5,5,4,5,5,6,5,5,6,6,6,5,6,6,6,5,5,6,3,6,2,2,6,3,6,2,2,5,76,79,76,63,5.546,18.71,18.715,5,2,2,2,nope,570
5/23/2025 10:30,5/23/2025 10:34,100,265,1,5/23/2025 10:34,Chrome,136.0.0.0,Windows,1920x1080,17.058,17.058,17.072,1,1,1,1,1,1,1,1,1,1,1,1,1,1,1,1,1,1,1,1,1,1,1,1,2,6,4,4,1,1,96,96,50,50,2.496,7.32,7.338,5,2,2,2,"I have deactivated all social media except Insta and Reddit, and I don't share news on either.",573
5/23/2025 10:12,5/23/2025 10:36,100,1434,1,5/23/2025 10:36,Chrome,136.0.0.0,Windows,1366x768,77.298,77.298,77.305,1,1,4,6,2,5,3,1,4,2,5,7,3,5,1,3,6,4,1,5,7,3,6,4,4,7,5,3,1,3,69,63,38,11,2.193,88.302,88.311,20,2,2,2,This survey was easy to do. ,577
5/23/2025 10:22,5/23/2025 10:31,100,577,1,5/23/2025 10:31,Chrome,136.0.0.0,Windows,1360x768,222.277,268.124,268.138,5,6,6,6,6,6,6,3,5,5,5,5,2,5,5,2,2,5,5,4,4,6,3,4,3,5,3,4,4,4,90,90,69,60,10.559,60.413,60.417,13,1,2,2,,583
5/23/2025 10:24,5/23/2025 10:39,100,886,1,5/23/2025 10:39,Chrome,136.0.0.0,Windows,1600x900,24.168,24.168,24.177,1,1,1,1,1,1,1,2,1,1,1,1,2,1,1,2,2,1,1,5,6,6,4,1,2,2,5,5,1,1,0,0,0,0,2.216,14.582,14.592,6,1,2,2,,585
5/23/2025 11:18,5/23/2025 11:22,100,199,1,5/23/2025 11:22,Chrome,137.0.0.0,Windows,1920x1080,3.629,18.07,18.084,3,1,5,2,1,5,5,5,1,1,2,5,5,1,5,5,4,2,1,5,7,4,3,2,5,5,4,2,3,3,50,50,40,10,2.178,11.332,11.341,7,1,2,2,"This ran fine, thank you!",596
5/23/2025 10:48,5/23/2025 10:52,100,238,1,5/23/2025 10:52,Chrome,136.0.0.0,Mac OS,1920x1080,33.924,33.924,33.929,1,1,3,3,1,2,1,1,1,1,2,3,1,1,2,2,1,1,2,6,7,5,3,1,1,7,6,2,1,1,89,90,2,5,3.774,16.722,16.733,6,2,2,2,,600
5/23/2025 11:18,5/23/2025 11:21,100,196,1,5/23/2025 11:21,Chrome,136.0.0.0,Mac OS,1440x900,35.217,35.217,35.234,1,1,1,3,1,1,1,2,3,1,3,1,2,1,1,2,2,3,1,6,2,2,2,2,2,5,2,2,2,6,30,60,50,10,7.816,24.989,25,6,1,2,2,,604
5/23/2025 10:16,5/23/2025 10:18,100,147,1,5/23/2025 10:18,Chrome,131.0.0.0,Mac OS,1800x1169,17.668,17.668,17.674,1,3,3,5,3,3,2,4,5,2,5,4,4,3,3,3,2,2,3,5,7,5,2,3,5,7,4,1,2,2,71,80,29,20,3.042,10.322,10.33,5,2,2,2,,608
5/23/2025 10:23,5/23/2025 10:26,100,201,1,5/23/2025 10:26,Chrome,136.0.0.0,Windows,1536x864,6.905,6.905,6.919,1,5,5,5,5,5,5,5,5,5,5,5,5,5,5,5,5,4,5,6,3,6,4,6,6,6,6,4,2,5,59,80,20,30,4.658,15.485,15.503,6,1,2,2,,610
5/23/2025 10:04,5/23/2025 10:08,100,233,1,5/23/2025 10:08,Chrome,136.0.0.0,Windows,1536x960,17.121,17.121,17.135,1,1,6,2,4,5,5,1,2,5,2,5,1,5,5,1,1,2,5,7,4,2,2,4,5,6,2,5,2,6,80,80,20,20,3.457,14.096,14.104,6,2,2,2,Interesting survey,612
5/23/2025 10:17,5/23/2025 10:21,100,245,1,5/23/2025 10:21,Chrome,136.0.0.0,Windows,1920x1080,41.309,41.309,41.318,1,1,4,2,1,3,5,4,2,1,1,3,5,1,2,5,3,1,1,6,3,4,5,2,4,6,6,4,1,3,60,85,24,3,7.599,22.349,22.353,5,2,2,2,,617
5/23/2025 10:31,5/23/2025 10:38,100,420,1,5/23/2025 10:38,Chrome,135.0.7049.85,Windows,1920x1080,61.172,61.172,61.179,1,7,7,6,7,7,7,5,7,7,7,7,5,7,7,6,6,7,7,5,5,7,4,6,6,6,7,4,6,6,99,99,89,100,5.991,13.163,13.167,5,1,2,2,Thanks the headlines were fun.,622
5/23/2025 10:13,5/23/2025 10:16,100,236,1,5/23/2025 10:16,Chrome,136.0.0.0,Linux,1280x720,40.782,40.782,40.796,1,1,1,1,1,1,1,1,1,1,1,1,1,1,1,1,1,1,1,4,5,5,5,2,2,6,4,6,3,1,0,0,0,0,3.516,13.555,13.573,5,2,2,2,,627
5/23/2025 10:24,5/23/2025 10:28,100,255,1,5/23/2025 10:28,Chrome,136.0.0.0,Windows,1920x1080,26.098,26.098,26.106,1,1,1,2,1,1,1,1,2,1,2,1,2,1,1,2,2,1,1,6,6,7,5,4,1,7,5,5,5,3,85,80,20,30,3.5,25.577,25.579,7,2,2,2,,629
5/23/2025 10:05,5/23/2025 10:09,100,208,1,5/23/2025 10:09,Chrome,136.0.0.0,Windows,1536x864,13.179,13.179,13.188,1,2,2,2,1,2,1,1,2,1,2,2,1,2,1,1,1,1,2,2,7,7,4,1,2,7,2,4,2,1,100,100,10,41,3.468,12.637,12.646,5,2,2,2,,638
5/23/2025 10:29,5/23/2025 10:37,100,470,1,5/23/2025 10:37,Chrome,136.0.0.0,Windows,1366x768,42.051,42.051,42.065,1,3,6,5,3,6,6,6,5,3,5,6,6,3,6,6,6,5,3,6,4,5,2,2,4,4,6,1,1,1,79,90,10,10,13.641,26.507,26.524,5,3,2,2,none,640
5/23/2025 10:40,5/23/2025 10:43,100,175,1,5/23/2025 10:43,Chrome,136.0.0.0,Windows,1920x1080,18.324,18.324,18.328,1,3,5,2,2,5,5,4,2,2,2,5,5,2,5,5,5,2,2,6,5,6,5,2,2,5,6,4,2,5,50,60,50,90,4.624,19.288,19.304,5,1,2,2,,644
5/23/2025 10:20,5/23/2025 10:38,100,1045,1,5/23/2025 10:38,Chrome,136.0.0.0,Windows,1366x768,7.182,7.182,7.194,1,2,2,2,6,6,2,2,2,2,5,5,5,5,5,5,5,5,5,5,5,5,2,2,5,5,5,3,5,1,79,78,51,52,3.789,24.249,24.254,8,1,2,2,,645
5/23/2025 10:41,5/23/2025 10:49,100,492,1,5/23/2025 10:49,Chrome,136.0.0.0,Mac OS,2240x1260,60.723,60.723,60.736,1,1,4,3,3,4,1,1,1,1,4,4,4,4,1,4,1,1,4,5,7,7,7,2,2,7,2,4,1,1,90,90,0,0,3.315,10.26,10.278,5,1,2,2,"As an older educated person, I'm simply shocked by the number of people who believe in QAnon conspiracies. It is shocking that in America you have a vast majority of self-identified 'disenfranchised and unhappy' white people who regurgitate right-wing media talking points. Before the advent of social media, of course, you had some loonies but now they are legion. Very sad situation! Thank you! Have a nice day!",647
5/23/2025 10:05,5/23/2025 10:11,100,345,1,5/23/2025 10:11,Firefox,138,Linux,1801x900,84.352,84.352,84.369,1,1,6,2,1,5,7,4,1,1,1,6,6,1,2,4,4,1,1,6,7,2,3,1,1,7,4,5,4,4,75,95,20,50,9.9,35.034,35.034,6,2,2,2,,648
5/23/2025 10:32,5/23/2025 10:41,100,516,1,5/23/2025 10:41,Edge,136.0.0.0,Windows,1366x768,50.35,50.35,50.356,1,1,1,2,2,1,1,2,1,1,1,1,1,1,1,1,1,1,2,5,7,7,4,2,1,6,5,5,4,2,81,81,19,23,11.09,49.279,49.286,8,2,2,2,n/a,654
5/23/2025 10:35,5/23/2025 10:38,100,217,1,5/23/2025 10:38,Chrome,136.0.0.0,Windows,1130x636,40.966,40.966,40.982,1,2,4,2,4,4,4,1,1,4,1,4,1,4,4,1,1,1,4,5,6,3,4,2,3,6,4,4,2,2,80,80,50,50,3.179,9.532,9.542,5,2,2,2,no,660
5/23/2025 10:25,5/23/2025 10:29,100,255,1,5/23/2025 10:29,Edge,136.0.0.0,Windows,1366x768,21.753,21.753,21.765,1,1,7,1,1,6,7,1,1,1,1,6,1,1,6,1,1,1,1,7,6,4,5,4,4,7,2,5,4,1,90,90,1,11,5.371,33.863,33.872,6,1,2,2,,697
5/23/2025 10:32,5/23/2025 10:38,100,373,1,5/23/2025 10:38,Edge,136.0.0.0,Windows,1920x1200,65.718,65.718,65.73,1,1,2,2,1,2,2,3,2,1,2,2,2,1,2,2,2,2,1,7,4,6,2,2,4,5,4,4,1,6,60,50,30,30,6.205,27.637,27.652,5,2,2,2,,701
5/23/2025 10:15,5/23/2025 10:19,100,220,1,5/23/2025 10:19,Chrome,136.0.0.0,Windows,1366x768,32.987,32.987,33.005,1,1,2,1,1,3,1,1,1,1,1,5,1,1,4,1,1,1,1,7,6,4,5,4,7,7,7,5,2,1,92,63,40,47,4.218,15.5,15.513,5,2,2,2,,702
5/23/2025 10:19,5/23/2025 10:25,100,352,1,5/23/2025 10:25,Chrome,136.0.0.0,Mac OS,2560x1440,40.234,40.234,40.248,1,1,6,5,1,5,1,1,1,1,6,7,6,6,1,5,1,1,4,6,7,3,1,6,4,7,1,4,1,1,97,97,10,10,5.267,21.754,21.758,6,2,2,2,,706
5/23/2025 10:18,5/23/2025 10:27,100,537,1,5/23/2025 10:27,Chrome,136.0.0.0,Windows,1366x768,12.886,57.532,57.552,2,2,3,2,1,4,2,3,1,3,2,3,2,3,4,2,4,1,2,7,4,7,6,2,7,6,6,4,3,1,40,60,20,63,7.921,21.83,21.837,6,2,2,2,I don't usually share stuff like this.,711
5/23/2025 10:04,5/23/2025 10:09,100,262,1,5/23/2025 10:09,Chrome,136.0.0.0,Windows,1536x864,57.221,57.221,57.227,1,4,1,2,3,3,2,3,3,4,4,4,2,4,3,3,4,3,2,6,5,4,5,4,6,4,5,4,4,2,30,20,40,40,3.348,27.284,27.301,7,2,2,2,,712
5/23/2025 10:58,5/23/2025 11:01,100,180,1,5/23/2025 11:01,Chrome,136.0.0.0,Mac OS,1710x1112,17.924,17.924,17.93,1,1,3,6,1,2,1,1,2,1,5,3,1,1,1,1,1,3,1,5,7,5,6,4,4,7,5,6,4,2,100,100,28,21,1.842,8.675,8.68,6,2,2,2,,714
5/23/2025 10:14,5/23/2025 10:16,100,168,1,5/23/2025 10:16,Chrome,136.0.0.0,Windows,1536x864,24.023,24.023,24.031,1,7,6,1,7,6,6,5,1,7,1,6,5,7,6,5,5,1,7,7,3,4,1,1,3,7,3,2,2,6,50,51,37,18,13.012,13.012,13.017,1,2,2,2,,725
5/23/2025 10:16,5/23/2025 10:22,100,321,1,5/23/2025 10:22,Firefox,128,Mac OS,1440x900,57.944,57.944,57.958,1,1,1,1,1,1,1,1,1,1,1,1,1,1,1,1,1,1,1,4,6,5,4,2,1,1,1,1,1,1,90,90,50,51,6.626,28.428,28.43,7,2,2,2,,736
5/23/2025 10:20,5/23/2025 10:25,100,261,1,5/23/2025 10:25,Chrome,136.0.0.0,Windows,1366x768,4.235,9.699,9.705,3,7,7,5,7,6,7,5,7,7,5,5,5,7,6,5,6,6,3,7,7,7,7,7,6,7,6,7,7,6,90,59,66,72,3.708,11.553,11.565,6,1,2,2,It was very insightful,743
5/23/2025 10:32,5/23/2025 10:35,100,148,1,5/23/2025 10:35,Chrome,136.0.0.0,Windows,1455x819,7.231,7.231,7.239,1,3,2,3,3,3,3,3,3,3,3,3,4,3,3,4,3,4,4,3,5,4,3,3,5,6,4,5,3,3,59,61,57,32,3.5,11.069,11.078,7,2,2,2,thank you,788
5/23/2025 10:16,5/23/2025 10:25,100,506,1,5/23/2025 10:25,Edge,136.0.0.0,Windows,1366x768,18.132,18.132,18.139,1,5,4,4,4,4,4,5,6,4,5,4,4,4,4,5,5,5,4,6,7,7,7,5,4,7,4,4,4,1,75,60,51,75,5.733,22.686,22.699,6,2,2,2, if i share any post on social media i always verify and also check the source to determine if its accurate,790
5/23/2025 10:12,5/23/2025 10:15,100,204,1,5/23/2025 10:15,Edge,136.0.0.0,Windows,1778x1000,25.544,25.544,25.547,1,2,5,2,2,5,5,4,2,2,2,5,4,2,5,4,4,2,2,6,6,4,2,2,2,6,4,6,2,2,59,30,60,70,4.551,14.303,14.319,6,1,2,2,no,802
5/23/2025 10:10,5/23/2025 10:13,100,195,1,5/23/2025 10:13,Firefox,138,Windows,1536x864,11.858,11.858,11.874,1,5,6,2,5,6,6,4,2,5,2,6,4,5,6,4,4,2,5,6,3,6,3,2,4,6,5,3,2,5,60,60,50,40,3.591,28.798,28.802,9,1,2,2,,814
5/23/2025 10:05,5/23/2025 10:11,100,369,1,5/23/2025 10:11,Chrome,136.0.0.0,Windows,1280x720,29.745,29.745,29.767,1,1,4,7,1,6,2,1,3,3,6,5,6,6,1,7,2,2,6,6,7,6,2,1,7,7,6,2,1,1,85,80,5,25,6.144,29.625,29.639,7,1,2,2,no further comments ,817
5/23/2025 10:24,5/23/2025 10:29,100,298,1,5/23/2025 10:29,Chrome,135.0.0.0,Mac OS,1440x900,49.072,49.072,49.09,1,2,3,2,4,2,3,2,2,3,2,2,2,3,2,3,2,2,3,5,5,6,5,3,3,7,5,4,2,2,87,59,11,8,7.218,15.004,15.021,5,1,2,2,,819
5/23/2025 10:13,5/23/2025 10:18,100,313,1,5/23/2025 10:18,Chrome,136.0.0.0,Windows,1366x768,57.422,57.422,57.431,1,5,7,5,6,6,7,4,4,4,5,7,6,4,4,5,5,5,4,7,6,5,6,5,5,7,6,6,5,3,91,100,81,60,2.863,12.316,12.325,6,1,2,2,,823
5/23/2025 10:07,5/23/2025 10:12,100,306,1,5/23/2025 10:12,Chrome,136.0.0.0,Linux,412x915,22.821,22.821,23.063,1,5,6,2,3,7,7,6,3,4,4,7,5,5,6,4,5,3,3,7,5,7,3,1,1,6,5,5,1,1,79,16,27,15,2.899,8.951,9.265,5,1,2,2,,827
5/23/2025 10:34,5/23/2025 10:40,100,344,1,5/23/2025 10:40,Chrome,134.0.0.0,Chromium OS,1366x768,8.245,8.245,8.251,1,1,5,6,2,5,3,3,2,2,5,7,6,5,3,5,3,3,6,5,7,4,5,6,2,5,3,4,5,1,80,90,33,21,32.052,43.324,43.341,5,1,2,2,,829
5/23/2025 10:13,5/23/2025 10:23,100,596,1,5/23/2025 10:23,Chrome,136.0.0.0,Windows,1680x1050,167.904,170.744,170.749,2,2,4,1,1,4,1,1,1,1,1,4,2,2,2,2,1,1,2,6,6,5,1,1,1,4,1,1,1,2,60,60,20,20,5.821,28.797,28.806,9,1,2,1,,851
5/23/2025 10:04,5/23/2025 10:24,100,1199,1,5/23/2025 10:24,Chrome,136.0.7103.91,iOS,430x932,5.551,5.551,5.559,1,3,5,3,3,5,4,5,2,5,2,6,4,7,2,2,6,4,4,4,3,4,3,3,6,5,5,4,6,5,73,70,61,29,0.811,4.326,4.333,10,1,2,2,,852
5/23/2025 10:20,5/23/2025 10:25,100,323,1,5/23/2025 10:25,Chrome,136.0.0.0,Windows,1397x786,44.912,44.912,44.919,1,3,6,3,3,5,6,4,5,5,3,4,4,4,3,4,5,4,3,6,6,7,6,1,4,5,6,5,4,5,53,51,64,80,6.87,19.198,19.207,5,1,2,2,,879
5/23/2025 10:05,5/23/2025 10:10,100,304,1,5/23/2025 10:10,Chrome,136.0.0.0,Mac OS,1496x967,173.278,173.278,173.281,1,1,4,1,1,4,4,1,1,1,1,4,1,1,4,1,1,1,1,6,4,5,5,2,1,7,4,5,1,3,90,90,40,50,5.926,22.041,22.047,6,2,2,2,no thanks,880
5/23/2025 10:25,5/23/2025 10:30,100,286,1,5/23/2025 10:30,Chrome,136.0.0.0,Windows,1536x864,37.713,37.713,37.725,1,1,7,1,1,7,1,1,1,1,1,7,5,1,1,6,1,1,1,7,5,1,1,1,2,7,1,1,1,6,88,98,23,0,4.362,16.89,16.91,8,1,2,2,All good. Interesting,890
5/23/2025 10:07,5/23/2025 10:11,100,210,1,5/23/2025 10:11,Chrome,136.0.0.0,Windows,1536x864,24.274,24.274,24.287,1,1,5,2,2,5,5,1,2,1,2,5,1,1,5,1,1,2,1,5,6,5,5,2,2,6,5,5,2,2,92,100,12,13,2.542,14.318,14.332,7,1,2,2,,900
5/23/2025 10:29,5/23/2025 10:33,100,248,1,5/23/2025 10:33,Chrome,132.0.0.0,Windows,1536x960,36.263,36.263,36.267,1,1,5,1,1,5,5,1,1,1,1,5,1,1,5,1,1,1,1,7,4,4,4,4,7,6,4,4,4,6,79,79,54,54,4.247,14.476,14.482,5,1,2,2,,909
5/23/2025 10:24,5/23/2025 10:30,100,356,1,5/23/2025 10:30,Chrome,136.0.0.0,Windows,1920x1080,101.272,101.272,101.282,1,1,2,1,1,3,2,1,1,1,1,3,1,1,3,1,1,1,1,5,2,4,2,1,2,5,1,2,1,1,11,11,0,0,3.366,13.887,13.897,6,1,2,2,,912
5/23/2025 10:07,5/23/2025 10:16,100,561,1,5/23/2025 10:16,Safari,18.3.1,Mac OS,375x667,66.426,66.426,66.435,1,5,2,3,7,2,1,3,1,3,3,1,5,6,2,4,1,2,4,7,6,7,3,1,2,6,4,1,1,4,91,78,48,26,13.396,30.314,30.323,7,1,2,2,,936
5/23/2025 10:31,5/23/2025 10:38,100,425,1,5/23/2025 10:38,Chrome,136.0.0.0,Windows,1536x864,23.89,23.89,23.895,1,2,7,4,1,7,7,4,4,2,4,7,4,2,7,4,4,4,2,7,4,7,7,6,6,6,7,7,6,6,19,6,71,20,6.821,22.077,22.094,5,1,2,2,I prefer to share entertaining and very funny content. The world is already too serious and sad.,967
5/23/2025 10:30,5/23/2025 10:34,100,213,1,5/23/2025 10:34,Chrome,136.0.0.0,Mac OS,1512x982,42.193,42.193,42.2,1,1,2,1,1,3,1,1,1,1,1,2,1,1,3,1,1,1,1,6,5,7,6,1,4,7,3,6,3,5,81,99,40,90,7.912,15.666,15.674,5,1,2,2,,1007
5/23/2025 10:18,5/23/2025 10:23,100,279,1,5/23/2025 10:23,Chrome,130.0.0.0,Windows,1536x864,3.579,35.743,35.746,4,6,3,1,6,3,3,6,1,6,1,3,7,6,3,6,6,1,6,6,4,3,4,1,4,5,3,3,2,4,79,87,60,50,2.684,13.262,13.264,6,1,2,2,,1032
5/23/2025 10:44,5/23/2025 10:48,100,229,1,5/23/2025 10:48,Firefox,138,Windows,1536x864,21.83,21.83,21.834,1,1,1,1,1,1,1,1,1,1,1,1,1,1,1,1,1,1,1,1,7,6,1,1,1,7,7,1,1,6,0,1,1,35,2.539,11.07,11.073,8,2,2,2,i dont like sharing news on social media,1037
5/23/2025 10:19,5/23/2025 10:22,100,219,1,5/23/2025 10:22,Chrome,136.0.0.0,Windows,1242x699,16.465,16.465,16.474,1,1,7,1,3,1,7,1,2,1,1,1,3,1,1,3,1,2,4,7,7,1,7,1,2,7,1,7,1,1,80,90,37,64,3.033,24.783,24.79,12,1,2,2,,1040
5/23/2025 10:13,5/23/2025 10:15,100,126,1,5/23/2025 10:15,Edge,136.0.0.0,Windows,1536x864,28.994,28.994,29.008,1,1,1,1,1,1,1,1,1,1,1,1,1,1,1,1,1,1,1,1,1,1,1,1,4,7,4,4,2,1,90,91,45,45,3.161,11.235,11.244,5,2,2,2,i dont share news articles on social media,1055
5/23/2025 10:28,5/23/2025 10:34,100,391,1,5/23/2025 10:34,Chrome,136.0.0.0,Windows,1366x768,50.267,50.267,50.285,1,1,2,1,1,2,4,1,1,1,1,2,1,1,2,1,2,1,1,5,5,2,1,1,1,6,2,1,1,6,5,80,5,30,9.46,33.761,33.77,5,1,2,2,Thanks for including me in your study.,1075
5/23/2025 10:15,5/23/2025 10:24,100,582,1,5/23/2025 10:24,Chrome,135.0.0.0,Chromium OS,1280x720,120.549,120.549,120.558,1,1,4,2,1,3,4,5,2,1,2,4,5,1,4,4,4,2,1,7,7,6,4,4,2,6,5,4,1,1,80,90,75,31,8.646,33.018,33.028,6,2,2,2,Thank you ,1079
5/23/2025 10:17,5/23/2025 10:21,100,220,1,5/23/2025 10:21,Chrome,136.0.0.0,Chromium OS,1366x768,17.086,17.086,17.103,1,1,1,3,1,1,1,1,1,1,3,2,1,1,1,1,1,1,1,6,4,6,1,1,1,5,1,4,1,1,94,93,51,47,5.683,18.404,18.415,6,2,2,2,,1090
5/23/2025 10:13,5/23/2025 10:26,100,762,1,5/23/2025 10:26,Chrome,136.0.0.0,Windows,1920x1080,82.564,82.564,82.569,1,3,6,2,3,6,4,3,1,1,3,6,2,2,5,2,1,2,2,7,6,5,2,3,5,7,2,6,5,4,42,53,70,63,2.063,10.511,10.523,6,1,2,2,N/A,1122
5/23/2025 10:47,5/23/2025 10:51,100,253,1,5/23/2025 10:51,Chrome,136.0.0.0,Windows,1600x900,7.857,7.857,7.875,1,1,1,1,1,1,1,1,1,1,1,1,1,1,1,1,1,1,1,1,1,1,1,1,1,6,2,2,2,1,70,80,22,40,3.927,25.831,25.838,5,2,2,2,no,1139
5/23/2025 10:11,5/23/2025 10:18,100,394,1,5/23/2025 10:18,Chrome,136.0.0.0,Windows,1536x864,28.409,28.409,28.429,1,4,5,2,6,6,6,7,4,6,7,6,3,6,6,3,6,3,3,7,5,5,2,5,5,7,3,3,6,2,90,71,72,60,3.574,7.669,7.681,5,1,2,2,,1144
5/23/2025 10:06,5/23/2025 10:10,100,246,1,5/23/2025 10:10,Chrome,136.0.0.0,Windows,1536x864,30.966,30.966,30.984,1,2,5,1,2,5,5,1,1,2,1,5,1,2,5,1,1,1,2,7,4,6,3,1,1,6,1,5,1,3,80,100,50,50,3.263,20.126,20.137,6,2,2,2,no,1167
5/23/2025 10:19,5/23/2025 10:21,100,156,1,5/23/2025 10:21,Firefox,138,Windows,2144x1206,9.366,20.792,20.795,2,1,1,1,1,1,1,1,1,1,2,2,1,2,2,1,2,1,1,7,6,4,5,2,7,7,7,4,1,1,48,49,59,60,2.636,8.088,8.091,5,2,2,2,n/a,1182
5/23/2025 10:12,5/23/2025 10:19,100,366,1,5/23/2025 10:19,Chrome,136.0.0.0,Windows,2560x1440,4.067,50.23,50.235,2,1,4,2,1,1,4,1,7,1,2,1,4,1,1,5,1,7,1,7,5,3,7,1,4,7,5,5,3,2,40,80,10,30,4.075,20.63,20.635,7,1,2,2,Thank you for the survey. :),1279
5/23/2025 10:20,5/23/2025 10:23,100,188,1,5/23/2025 10:23,Chrome,136.0.0.0,Mac OS,1440x900,10.12,10.12,10.137,1,1,1,1,1,1,1,1,1,1,1,1,1,1,1,1,1,1,1,4,5,6,3,1,5,6,1,1,1,3,90,60,51,51,3.093,9.278,9.292,5,2,2,2,For me source does not matter. Sharing anything can cause issues with others.,1300
5/23/2025 10:11,5/23/2025 10:15,100,233,1,5/23/2025 10:15,Chrome,109.0.0.0,Windows,1536x864,24.336,24.336,24.341,1,3,5,7,7,3,2,7,2,5,5,5,5,7,3,2,4,3,3,5,4,6,4,2,1,6,5,3,1,6,55,55,0,50,6.097,18.018,18.02,6,1,2,2,no comments,1312
5/23/2025 10:13,5/23/2025 10:17,100,243,1,5/23/2025 10:17,Chrome,136.0.0.0,Chromium OS,1300x730,37.016,38.523,38.537,2,1,1,1,1,3,1,1,1,1,1,1,1,1,3,1,1,1,1,4,7,1,4,4,1,7,1,5,1,6,60,90,0,0,2.955,24.921,24.928,6,2,2,2,,1331
5/23/2025 10:29,5/23/2025 10:37,100,434,1,5/23/2025 10:37,Chrome,136.0.0.0,Windows,1536x864,26.957,26.957,26.964,1,3,5,5,3,5,5,1,5,3,5,6,1,3,6,1,1,5,3,7,4,7,2,1,4,5,5,2,1,4,37,60,55,9,2.531,10.34,10.349,5,1,2,2,n/a,1336
5/23/2025 10:04,5/23/2025 10:09,100,264,1,5/23/2025 10:09,Firefox,138,Windows,1536x864,49.078,49.078,49.085,1,4,7,1,5,5,7,3,1,3,1,4,5,3,2,5,2,1,3,6,4,4,6,2,4,7,2,1,4,5,80,100,90,80,5.369,17.888,17.889,5,1,2,2,I have no further comments. ,1355
5/23/2025 10:43,5/23/2025 10:48,100,291,1,5/23/2025 10:48,Chrome,136.0.0.0,Linux,1920x1080,37.647,37.647,37.661,1,3,6,2,3,6,3,5,1,2,4,3,3,5,6,3,1,4,3,6,6,4,4,1,4,6,5,5,1,4,23,21,50,6,4.681,28.257,28.27,5,1,2,2,,1366
5/23/2025 10:35,5/23/2025 10:41,100,396,1,5/23/2025 10:41,Chrome,136.0.0.0,Windows,1685x948,42.153,42.153,42.159,1,1,3,1,1,3,2,1,1,1,1,3,2,1,3,2,1,1,1,7,6,6,1,1,5,5,6,2,2,6,70,70,50,50,5.498,25.762,25.765,5,2,2,2,,1374
5/23/2025 10:04,5/23/2025 10:08,100,280,1,5/23/2025 10:08,Edge,136.0.0.0,Windows,1920x1080,38.289,38.289,38.295,1,3,2,1,3,1,1,1,2,3,1,1,1,3,1,1,1,2,3,5,5,6,6,4,5,6,5,5,4,2,75,75,75,75,3.286,11.154,11.16,8,3,2,2,thank you ,1396
5/23/2025 10:17,5/23/2025 10:21,100,218,1,5/23/2025 10:21,Edge,136.0.0.0,Windows,1366x768,7.345,7.345,7.364,1,1,5,1,1,5,5,1,1,1,1,5,1,1,5,1,1,1,1,7,4,7,1,1,7,7,7,1,1,3,70,50,30,30,3.889,13.96,13.972,6,2,2,2,My father really did escape the nursing home.,1401
5/23/2025 10:27,5/23/2025 10:32,100,296,1,5/23/2025 10:32,Chrome,136.0.0.0,Windows,1360x768,26.433,43.029,43.038,53,2,5,2,3,5,4,5,3,4,2,6,3,4,5,4,4,1,2,6,6,4,6,5,2,7,5,6,2,2,60,76,70,65,1.703,15.949,15.959,7,1,2,2,,1404
5/23/2025 10:42,5/23/2025 10:50,100,498,1,5/23/2025 10:50,Chrome,136.0.0.0,Windows,1536x864,181.66,181.66,181.671,1,1,4,1,1,4,4,2,1,1,1,4,3,1,4,3,3,1,1,7,7,5,3,1,6,7,3,3,1,2,87,86,75,75,6.833,25.169,25.173,11,1,2,2,,1435
5/23/2025 10:46,5/23/2025 10:52,100,356,1,5/23/2025 10:52,Chrome,136.0.0.0,Windows,1536x864,34.481,36.904,36.914,3,1,1,1,1,1,2,1,2,2,1,1,1,1,1,1,3,1,1,3,5,3,3,3,2,3,3,2,2,1,85,85,65,80,5.855,18.857,18.865,7,2,2,2,,1439
5/23/2025 10:07,5/23/2025 10:13,100,355,1,5/23/2025 10:13,Chrome,136.0.0.0,Windows,1920x1080,57.149,57.149,57.158,1,1,2,1,1,2,2,1,1,1,1,1,1,1,1,1,1,1,1,7,5,1,4,3,3,6,2,3,2,1,90,91,11,60,9.024,24.812,24.822,5,2,2,2,no,1443
5/23/2025 10:22,5/23/2025 10:28,100,327,1,5/23/2025 10:28,Chrome,136.0.0.0,Chromium OS,1187x667,16.927,40.096,40.113,3,5,1,1,1,1,1,4,1,5,1,1,1,5,1,1,5,1,1,7,7,5,7,1,4,7,7,4,1,1,90,91,60,50,6.914,23.266,23.277,5,1,2,2,No comments.,1456
5/23/2025 10:55,5/23/2025 10:59,100,284,1,5/23/2025 10:59,Chrome,136.0.0.0,Windows,1920x1080,18.495,18.495,18.509,1,2,3,2,2,3,3,2,2,2,2,3,2,2,3,2,2,2,2,6,5,5,4,1,5,6,6,5,2,5,95,90,50,50,3.665,11.987,11.991,5,1,2,2,,1471
5/23/2025 10:04,5/23/2025 10:07,100,147,1,5/23/2025 10:07,Chrome,136.0.0.0,Windows,1536x864,13.111,13.111,13.123,1,1,2,1,1,1,2,1,1,1,1,1,1,1,1,1,1,1,1,5,7,7,5,2,7,7,5,6,2,1,92,97,18,26,4.271,16.842,16.848,8,2,2,2,,1493
5/23/2025 10:04,5/23/2025 10:09,100,280,1,5/23/2025 10:09,Chrome,136.0.0.0,Windows,1536x864,56.358,56.358,56.37,1,2,4,2,2,4,4,2,2,2,2,4,2,2,4,2,2,2,2,6,2,2,2,2,3,5,3,4,1,5,92,92,48,42,4.162,17.639,17.642,5,2,2,2,,1504
5/23/2025 10:12,5/23/2025 10:15,100,135,1,5/23/2025 10:15,Chrome,135.0.0.0,Chromium OS,1300x867,10.256,10.256,10.267,1,1,1,1,1,1,1,1,1,1,1,1,1,1,1,1,1,1,1,7,7,7,7,1,7,7,1,4,1,1,94,67,81,71,3.683,9.675,9.692,5,2,2,2,,1514
5/23/2025 10:48,5/23/2025 10:55,100,433,1,5/23/2025 10:55,Chrome,136.0.0.0,Windows,1280x720,46.922,46.922,46.933,1,1,6,2,1,6,5,2,2,1,2,6,3,1,5,3,2,1,2,6,5,2,4,2,4,4,3,3,1,2,71,78,10,10,6.439,29.585,29.591,10,1,2,2,,1519
5/23/2025 10:19,5/23/2025 10:23,100,227,1,5/23/2025 10:23,Chrome,130.0.0.0,Windows,1366x768,11.619,11.619,11.72,1,1,7,2,1,7,7,1,1,2,3,6,5,4,7,3,3,3,2,6,6,5,3,2,5,7,6,5,2,3,88,80,55,57,2.931,9.006,9.015,6,2,2,2,no,1525
5/23/2025 10:19,5/23/2025 10:22,100,190,1,5/23/2025 10:22,Chrome,135.0.0.0,Mac OS,1440x900,16.159,16.159,16.163,1,2,5,3,2,5,4,3,1,1,2,5,3,2,4,3,1,2,2,7,5,4,3,1,7,5,1,2,2,2,40,31,20,15,2.997,15.363,15.374,7,2,2,2,,1560
5/23/2025 10:23,5/23/2025 10:27,100,251,1,5/23/2025 10:27,Chrome,136.0.0.0,Windows,1536x864,3.02,16.913,16.917,2,1,6,1,1,6,4,1,1,1,1,6,1,1,4,1,1,1,1,3,7,3,5,2,2,7,2,3,1,1,90,100,40,40,1.839,11.543,11.547,6,1,2,2,,1565
5/23/2025 10:39,5/23/2025 10:42,100,155,1,5/23/2025 10:42,Chrome,136.0.0.0,Windows,1536x864,5.805,5.805,5.824,1,1,2,1,1,2,2,1,1,1,1,2,1,1,1,1,1,1,1,6,7,6,5,1,6,7,7,5,2,2,100,100,15,20,1.695,8.009,8.015,6,1,2,2,,1567
5/23/2025 10:16,5/23/2025 10:19,100,196,1,5/23/2025 10:19,Opera,118.0.0.0,Windows,1280x720,39.485,39.485,39.492,1,3,5,2,4,2,4,1,4,1,1,1,4,1,1,4,1,5,4,7,7,6,7,5,4,7,4,6,4,1,100,100,70,85,2.478,14.198,14.202,6,1,2,2,No comments.,1584
5/23/2025 10:22,5/23/2025 10:29,100,470,1,5/23/2025 10:29,Chrome,136.0.0.0,Windows,1536x864,68.437,68.437,68.455,1,3,3,2,2,2,1,2,1,1,2,2,2,2,1,2,1,1,2,7,7,5,5,3,5,7,2,4,4,1,60,70,50,50,6.73,38.743,38.75,9,1,2,2,No,1594
5/23/2025 10:05,5/23/2025 10:12,100,424,1,5/23/2025 10:12,Chrome,136.0.0.0,Windows,3440x1440,102.24,102.24,102.252,1,1,4,1,2,2,1,1,1,1,2,3,1,3,1,1,1,3,1,7,6,4,5,5,1,7,5,4,1,1,100,99,35,3,3.788,16.029,16.04,5,2,2,2,Fun! Good luck with your research.,1618
5/23/2025 10:20,5/23/2025 10:25,100,300,1,5/23/2025 10:25,Chrome,136.0.0.0,Chromium OS,1366x768,72.504,72.504,72.525,1,1,5,1,1,5,5,1,1,1,1,5,1,1,5,1,1,1,1,6,6,6,4,1,1,1,1,1,1,1,0,0,10,39,2.347,10.611,10.629,5,2,2,2,I sadly never thought our media would become such garbage journalists promoting agendas. Very sad day in our country.,1634
5/23/2025 10:20,5/23/2025 10:28,100,467,1,5/23/2025 10:28,Chrome,136.0.0.0,Windows,1920x1200,13.225,13.917,13.925,2,4,5,4,5,5,4,4,4,5,4,4,4,5,4,5,4,5,4,5,4,5,5,6,5,6,6,5,4,4,41,39,45,38,0.795,4.866,4.868,17,1,2,2,,1635
5/23/2025 10:28,5/23/2025 10:31,100,199,1,5/23/2025 10:31,Chrome,136.0.0.0,Windows,1920x1080,17.72,41.659,41.675,2,2,4,5,2,4,6,3,5,5,4,5,5,4,2,5,6,2,4,5,7,6,3,2,2,5,2,3,2,5,77,78,20,90,3.895,13.222,13.231,5,3,2,2,,1639
5/23/2025 10:06,5/23/2025 10:09,100,216,1,5/23/2025 10:09,Chrome,136.0.0.0,Mac OS,2560x1440,34.713,34.713,34.722,1,2,4,1,2,2,4,2,1,1,1,2,2,1,2,2,1,1,2,5,5,1,4,2,4,5,2,5,1,2,65,80,60,60,5.389,23.484,23.497,5,1,2,2,,1658
5/23/2025 10:42,5/23/2025 10:45,100,192,1,5/23/2025 10:45,Chrome,136.0.0.0,Mac OS,3440x1440,36.541,36.541,36.559,1,1,1,1,1,1,1,1,1,1,1,1,1,1,1,1,1,1,1,2,6,6,2,1,1,3,2,1,1,1,80,70,10,10,6.174,20.713,20.726,5,2,2,2,,1674
5/23/2025 10:58,5/23/2025 11:07,100,519,1,5/23/2025 11:07,Chrome,136.0.0.0,Windows,1600x900,46.396,46.396,46.404,1,1,1,1,1,1,1,1,1,1,1,2,1,1,1,1,1,1,1,1,7,4,1,1,1,7,7,1,1,1,0,9,0,0,4.711,23.083,23.097,9,1,2,2,"No, thank you.",1683
5/23/2025 10:15,5/23/2025 10:20,100,266,1,5/23/2025 10:20,Chrome,136.0.0.0,Windows,1536x1024,35.929,35.929,35.94,1,1,1,1,1,1,1,1,1,1,1,1,1,1,1,1,1,1,1,7,7,4,1,1,1,7,7,1,1,3,100,100,10,11,5.164,12.169,12.178,5,2,2,2,n/a,1688
5/23/2025 10:22,5/23/2025 10:32,100,639,1,5/23/2025 10:32,Chrome,136.0.0.0,Windows,1600x900,3.642,9.141,9.152,3,6,6,6,5,7,6,7,6,5,6,7,6,6,6,6,6,6,6,7,6,6,7,7,6,7,7,6,6,6,55,64,52,72,2.04,88.045,88.051,19,1,2,2,,1711
5/23/2025 10:07,5/23/2025 10:10,100,189,1,5/23/2025 10:10,Chrome,132.0.0.0,Chromium OS,1138x639,15.782,15.782,15.807,1,1,5,1,1,4,4,1,1,2,1,4,1,1,6,1,1,1,1,7,6,6,3,4,6,6,5,4,5,4,89,84,64,68,5.253,14.757,14.774,5,1,2,2,none,1715
5/23/2025 10:50,5/23/2025 10:54,100,268,1,5/23/2025 10:54,Chrome,136.0.0.0,Mac OS,1440x900,31.419,31.419,31.425,1,4,2,5,4,2,2,4,5,4,5,2,4,4,2,4,4,5,4,6,3,1,1,1,4,5,3,1,1,4,91,86,39,89,4.415,14.747,14.753,5,2,2,2,no,1724
5/23/2025 10:04,5/23/2025 10:06,100,113,1,5/23/2025 10:06,Chrome,136.0.0.0,Mac OS,1728x1117,9.447,9.447,9.454,1,1,1,1,1,1,1,1,1,1,1,1,1,1,1,1,1,1,1,6,6,3,4,2,3,3,2,2,3,1,50,50,50,40,3.148,9.426,9.428,5,2,2,2,,1743
5/23/2025 10:07,5/23/2025 10:11,100,251,1,5/23/2025 10:11,Firefox,138,Windows,1920x1080,39.13,39.13,39.137,1,1,1,1,1,1,1,1,1,1,1,1,1,1,1,1,1,1,1,4,2,5,5,1,1,7,2,5,1,1,95,98,10,11,8.714,26.464,26.469,6,2,2,2,,1744
5/23/2025 10:21,5/23/2025 10:26,100,263,1,5/23/2025 10:26,Firefox,138,Windows,1207x678,41.153,41.153,41.159,1,6,5,4,5,5,5,5,3,6,6,6,5,4,2,2,6,3,2,6,5,6,7,6,4,4,4,6,7,5,60,54,70,59,4.658,15.37,15.374,5,1,2,1,,1749
5/23/2025 10:10,5/23/2025 10:14,100,232,1,5/23/2025 10:14,Chrome,136.0.0.0,Windows,1366x768,22.021,22.88,22.886,2,1,4,1,1,4,4,1,1,1,1,4,1,4,4,1,1,1,1,7,7,4,1,1,4,7,4,1,1,1,50,53,22,21,3.565,25.811,25.823,7,1,2,2,,1758
5/23/2025 10:05,5/23/2025 10:15,100,603,1,5/23/2025 10:15,Chrome,136.0.0.0,Windows,1280x720,47.561,47.561,47.576,1,1,2,1,1,2,1,1,1,1,2,1,2,2,1,2,1,1,2,6,7,7,1,1,4,6,4,1,1,1,89,70,0,11,101.695,123.165,123.182,11,2,2,1,no,1791
5/23/2025 10:05,5/23/2025 10:22,100,984,1,5/23/2025 10:22,Chrome,134.0.0.0,Windows,1280x720,3.83,11.034,11.055,2,3,6,4,5,4,7,3,3,4,5,5,4,5,4,4,5,4,3,7,6,5,3,2,3,7,4,2,1,4,85,80,50,60,5.673,47.074,47.093,12,1,2,2,,1806
5/23/2025 10:19,5/23/2025 10:25,100,320,1,5/23/2025 10:25,Edge,136.0.0.0,Windows,2560x1440,69.545,69.545,69.559,1,5,6,2,5,5,5,7,2,2,2,5,7,2,2,7,7,2,4,7,1,1,1,1,1,7,1,4,1,4,40,51,56,64,7.424,20.626,20.631,6,1,2,2,,1843
5/23/2025 10:34,5/23/2025 10:37,100,173,1,5/23/2025 10:37,Chrome,136.0.0.0,Mac OS,1728x1117,9.102,9.102,9.112,1,4,1,5,3,1,1,1,4,3,4,1,2,3,1,3,2,4,4,7,4,4,1,1,5,7,3,2,2,2,89,99,44,49,1.996,10.938,10.943,9,1,2,2,,1847
5/23/2025 10:25,5/23/2025 10:36,100,676,1,5/23/2025 10:36,Chrome,136.0.0.0,Mac OS,1680x1050,14.899,15.594,15.606,2,3,4,1,2,4,3,3,1,1,1,5,4,3,2,4,3,1,2,5,6,4,2,2,4,5,3,1,2,5,71,58,32,34,2.842,59.397,59.41,5,2,2,2,,1850
5/23/2025 10:24,5/23/2025 10:27,100,174,1,5/23/2025 10:27,Firefox,138,Windows,1920x1080,21.157,21.157,21.162,1,2,4,2,2,4,4,3,2,2,3,4,3,2,4,2,2,2,2,5,5,4,4,1,3,6,4,2,1,1,71,71,19,21,4.627,14.442,14.444,6,1,2,2,No. ,1862
5/23/2025 10:54,5/23/2025 10:57,100,180,1,5/23/2025 10:57,Chrome,136.0.0.0,Windows,1920x1080,36.152,36.152,36.157,1,1,1,1,1,1,1,1,1,1,1,1,1,1,1,1,1,1,1,3,5,5,2,2,5,5,3,3,2,5,69,81,11,50,3.202,7.311,7.323,5,3,2,2,,1866
5/23/2025 10:19,5/23/2025 10:27,100,454,1,5/23/2025 10:27,Chrome,136.0.0.0,Windows,1366x768,11.751,11.751,11.769,1,4,3,3,4,3,3,4,3,4,2,2,3,4,3,3,4,2,3,7,5,4,3,1,3,5,1,3,1,4,10,15,19,31,95.202,169.644,169.654,9,3,2,2,THANK YOU,1872
5/23/2025 10:06,5/23/2025 10:13,100,438,1,5/23/2025 10:13,Chrome,136.0.0.0,Windows,1600x1200,44.228,44.228,44.244,1,4,2,1,3,1,1,4,1,5,1,2,3,5,2,3,6,1,2,5,4,6,7,2,5,6,7,7,1,1,65,60,70,75,36.081,54.222,54.233,5,1,2,2,n/a,1890
5/23/2025 10:10,5/23/2025 10:16,100,366,1,5/23/2025 10:16,Edge,136.0.0.0,Windows,1536x864,70.724,70.724,70.736,1,2,2,1,1,1,1,1,1,1,1,1,1,2,3,3,3,2,2,2,3,2,2,3,2,1,2,2,2,4,60,60,60,69,8.522,13.251,13.263,5,2,1,2,it was a bit long and kind of boring,1970
5/23/2025 11:12,5/23/2025 11:18,100,331,1,5/23/2025 11:18,Chrome,136.0.0.0,Windows,1536x864,37.28,37.28,37.285,1,1,7,2,1,7,7,5,2,1,2,7,5,1,7,5,5,1,1,7,7,2,6,2,1,6,2,4,3,2,80,90,10,40,4.822,18.174,18.192,5,1,2,2,None,2019
5/23/2025 10:09,5/23/2025 10:13,100,233,1,5/23/2025 10:13,Chrome,134.0.0.0,Windows,1366x768,34.438,34.438,34.461,1,2,3,1,2,3,3,2,1,2,1,3,2,2,3,2,2,1,2,7,4,4,3,1,7,4,4,3,1,1,91,90,31,29,5.191,11.621,11.642,5,2,2,2,none,2023
5/23/2025 10:05,5/23/2025 10:16,100,606,1,5/23/2025 10:16,Edge,136.0.0.0,Windows,1280x720,3.189,25.941,25.949,4,1,1,1,1,1,1,1,1,1,1,1,1,1,1,1,1,1,1,7,1,7,1,1,1,7,4,1,1,6,75,75,25,25,3.723,16.981,16.992,6,3,2,2,,2027
5/23/2025 10:50,5/23/2025 10:57,100,398,1,5/23/2025 10:57,Chrome,133.0.0.0,Windows,4096x2304,43.09,43.09,43.095,1,2,3,2,3,2,1,1,1,1,3,2,2,4,2,2,1,2,3,6,7,7,5,6,1,7,6,1,5,5,99,60,0,10,6.099,30.245,30.25,7,1,2,2,The survey was awesome.,2054
5/23/2025 10:28,5/23/2025 10:33,100,335,1,5/23/2025 10:33,Chrome,113.0.0.0,Mac OS,1280x800,80.302,80.302,80.331,1,3,5,5,3,3,5,2,4,3,3,3,3,3,3,4,3,4,3,6,6,5,5,4,4,6,3,4,2,4,86,82,64,61,2.33,16.319,16.324,8,2,2,2,,2057
5/23/2025 10:25,5/23/2025 10:40,100,906,1,5/23/2025 10:40,Chrome,136.0.0.0,Windows,1536x864,67.811,67.811,67.82,1,1,1,3,1,1,1,1,2,1,3,1,2,2,1,1,2,1,1,4,7,2,3,3,2,7,4,4,5,1,80,90,9,20,6.492,22.286,22.292,6,1,2,2,I have no addtional comments to add.,2058
