StartDate,EndDate,Progress,Duration (in seconds),Finished,RecordedDate,Q16,Q18,fair1,Q41_First Click,Q41_Last Click,Q41_Page Submit,Q41_Click Count,comments,Segment,target,FL_491_DO,TWIN_ID,FL_491_DO_FL_493,FL_491_DO_FL_497
Start Date,End Date,Progress,Duration (in seconds),Finished,Recorded Date,"Above is a list of numbers. Only one of these numbers is an even number. Please spell that number out in ALL-CAPS below. For example, if the even number were ""8"" you would write EIGHT
Note that failure to answer this question correctly will result in disqualification. Do not use lower-case letters, and do not add any extra spaces.","Welcome to our Survey!

 

DESCRIPTION: We are a team at Columbia University. In today's study, you will fill out a survey. Nothing is designed to be experienced as unpleasant or “weird” in any way. In fact, no parts of this survey involves sensitive or invasive information, tasks, or questions. The study will take around 1 minute.

 

COMPENSATION: You will be paid $0.30 for your participation today.

 

PLEASE NOTE: This study contains a number of checks to make sure that participants are finishing the tasks honestly and completely. .

 

SUBJECT’S RIGHTS: Your participation is voluntary. You may stop participating at any time by closing the browser window or the program to withdraw from the study. Partial data will not be analyzed.

 

For additional questions, you may contact: Elizabeth Friedman (e.friedman@columbia.edu).



   

Please indicate, in the box below, that you are at least 18 years old, have read and understood this consent form, and agree to participate in this survey. If you choose not to participate, please exit the screen now.",How fair is this advertising plan?,Timing - First Click,Timing - Last Click,Timing - Page Submit,Timing - Click Count,Please feel free to write any comments you may have about the survey or scenarios.,Segment,target,FL_491 - Block Randomizer - Display Order,TWIN_ID,FL_491 - Block Randomizer - Display Order - FL_493,FL_491 - Block Randomizer - Display Order - FL_497
"{""ImportId"":""startDate"",""timeZone"":""America/Denver""}","{""ImportId"":""endDate"",""timeZone"":""America/Denver""}","{""ImportId"":""progress""}","{""ImportId"":""duration""}","{""ImportId"":""finished""}","{""ImportId"":""recordedDate"",""timeZone"":""America/Denver""}","{""ImportId"":""QID1337_TEXT""}","{""ImportId"":""QID1367""}","{""ImportId"":""QID1396""}","{""ImportId"":""QID1453_FIRST_CLICK""}","{""ImportId"":""QID1453_LAST_CLICK""}","{""ImportId"":""QID1453_PAGE_SUBMIT""}","{""ImportId"":""QID1453_CLICK_COUNT""}","{""ImportId"":""QID1451_TEXT""}","{""ImportId"":""Segment""}","{""ImportId"":""target""}","{""ImportId"":""FL_491_DO""}",TWIN_ID,"{""ImportId"":""FL_491_DO"",""choiceId"":""FL_493""}","{""ImportId"":""FL_491_DO"",""choiceId"":""FL_497""}"
4/21/2025 13:48,4/21/2025 13:49,100,57,1,4/21/2025 13:49,THIRTY,1,9,15.118,15.118,16.751,1,,2,broad,FL_493,2,1,
4/21/2025 13:52,4/21/2025 13:58,100,381,1,4/21/2025 13:58,THIRTY,1,9,11.145,11.145,12.211,1,,2,broad,FL_493,4,1,
4/21/2025 14:06,4/21/2025 14:08,100,113,1,4/21/2025 14:08,THIRTY,1,4,39.372,45.716,47.702,2,Thank you for letting me participate.,1,female,FL_497,6,,1
4/21/2025 13:49,4/21/2025 13:50,100,44,1,4/21/2025 13:50,THIRTY,1,7,9.22,9.22,11.343,1,,2,broad,FL_493,9,1,
4/21/2025 14:02,4/21/2025 14:03,100,48,1,4/21/2025 14:03,THIRTY,1,9,11.573,11.573,12.53,1,no comments,1,female,FL_497,11,,1
4/21/2025 14:12,4/21/2025 14:13,100,32,1,4/21/2025 14:13,THIRTY,1,9,5.103,5.103,11.199,1,,2,broad,FL_493,12,1,
4/21/2025 14:27,4/21/2025 14:29,100,143,1,4/21/2025 14:29,THIRTY,1,9,17.356,17.356,18.38,1,"I think it is much more fair to market things for all genders, and not just one. Everyone should be able to like anything.",1,female,FL_497,14,,1
4/21/2025 13:48,4/21/2025 13:49,100,63,1,4/21/2025 13:49,THIRTY,1,7,9.788,9.788,10.972,1,,2,broad,FL_493,23,1,
4/21/2025 13:49,4/21/2025 13:50,100,56,1,4/21/2025 13:50,THIRTY,1,6,4.628,11.355,11.732,3,,1,female,FL_497,24,,1
4/21/2025 14:01,4/21/2025 14:02,100,56,1,4/21/2025 14:02,THIRTY,1,9,13.881,14.576,15.3,2,,2,broad,FL_493,29,1,
4/21/2025 13:49,4/21/2025 13:54,100,275,1,4/21/2025 13:54,THIRTY,1,9,210.523,210.523,211.486,1,Thank you,1,female,FL_497,39,,1
4/21/2025 13:50,4/21/2025 13:51,100,76,1,4/21/2025 13:51,THIRTY,1,6,23.097,25.089,26.335,2,,2,broad,FL_493,45,1,
4/21/2025 15:38,4/21/2025 15:39,100,50,1,4/21/2025 15:39,THIRTY,1,9,11.585,15.394,15.96,4,,2,broad,FL_493,46,1,
4/21/2025 13:52,4/21/2025 13:53,100,82,1,4/21/2025 13:53,THIRTY,1,6,23.453,26.173,27.145,2,none,1,female,FL_497,53,,1
4/21/2025 14:04,4/21/2025 14:05,100,54,1,4/21/2025 14:05,THIRTY,1,3,2.174,8.39,10.949,5,,2,broad,FL_493,54,1,
4/21/2025 13:48,4/21/2025 13:49,100,101,1,4/21/2025 13:49,THIRTY,1,8,14.554,15.099,16.054,2,"Things are marketed to either men or women all the time, so I don't see food as any different.",2,broad,FL_493,55,1,
4/21/2025 13:53,4/21/2025 13:55,100,111,1,4/21/2025 13:55,THIRTY,1,9,56.814,56.814,58.584,1,,1,female,FL_497,56,,1
4/21/2025 13:48,4/21/2025 13:49,100,84,1,4/21/2025 13:49,THIRTY,1,7,17.938,17.938,19.437,1,none,2,broad,FL_493,64,1,
4/21/2025 14:05,4/21/2025 14:06,100,60,1,4/21/2025 14:06,THIRTY,1,9,16.106,16.106,18.933,1,Thank you!,1,female,FL_497,65,,1
4/21/2025 14:10,4/21/2025 14:11,100,72,1,4/21/2025 14:11,THIRTY,1,7,24.052,24.052,25.748,1,,1,female,FL_497,74,,1
4/21/2025 13:50,4/21/2025 13:51,100,63,1,4/21/2025 13:51,THIRTY,1,5,21.001,21.001,22.282,1,,2,broad,FL_493,76,1,
4/21/2025 13:52,4/21/2025 13:55,100,125,1,4/21/2025 13:55,THIRTY,1,7,27.115,43.033,44.761,2,,1,female,FL_497,83,,1
4/21/2025 13:53,4/21/2025 13:54,100,56,1,4/21/2025 13:54,THIRTY,1,7,14.042,14.683,15.868,2,,2,broad,FL_493,84,1,
4/21/2025 13:50,4/21/2025 13:52,100,84,1,4/21/2025 13:52,THIRTY,1,4,27.823,27.823,28.949,1,I can't imagine how certain snacks would be better suited for women. ,1,female,FL_497,90,,1
4/21/2025 13:59,4/21/2025 14:00,100,49,1,4/21/2025 14:00,THIRTY,1,9,15.467,15.467,16.286,1,,1,female,FL_497,93,,1
4/21/2025 14:21,4/21/2025 14:23,100,123,1,4/21/2025 14:23,THIRTY,1,5,2.262,34.45,85.885,2,,2,broad,FL_493,101,1,
4/21/2025 13:49,4/21/2025 13:50,100,83,1,4/21/2025 13:50,THIRTY,1,7,27.867,27.867,31.446,1,,1,female,FL_497,104,,1
4/21/2025 14:10,4/21/2025 14:11,100,65,1,4/21/2025 14:11,THIRTY,1,9,22.992,22.992,24.06,1,,2,broad,FL_493,105,1,
4/21/2025 14:05,4/21/2025 14:06,100,63,1,4/21/2025 14:06,THIRTY,1,9,21.767,21.767,22.834,1,,1,female,FL_497,106,,1
4/21/2025 13:48,4/21/2025 13:50,100,74,1,4/21/2025 13:50,THIRTY,1,9,14.294,15.582,18.033,2,,1,female,FL_497,109,,1
4/21/2025 13:57,4/21/2025 13:59,100,89,1,4/21/2025 13:59,THIRTY,1,5,16.876,16.876,18.321,1,IT SHOULD BE ADVERTISED DIFFERENTLY.,1,female,FL_497,115,,1
4/21/2025 13:48,4/21/2025 13:49,100,69,1,4/21/2025 13:49,THIRTY,1,4,6.312,6.312,12.104,1,,2,broad,FL_493,117,1,
4/21/2025 13:50,4/21/2025 13:52,100,162,1,4/21/2025 13:52,THIRTY,1,5,0.879,104.237,105.833,3,,1,female,FL_497,118,,1
4/21/2025 14:13,4/21/2025 14:14,100,60,1,4/21/2025 14:14,THIRTY,1,3,13.007,13.705,14.303,2,NO COMMENTS,1,female,FL_497,120,,1
4/21/2025 14:04,4/21/2025 14:06,100,96,1,4/21/2025 14:06,THIRTY,1,5,28.515,28.515,30.177,1,,1,female,FL_497,121,,1
4/21/2025 14:15,4/21/2025 14:17,100,133,1,4/21/2025 14:17,THIRTY,1,9,30.167,30.167,31.977,1,"I don't know about fair, but it's definitely smart.",2,broad,FL_493,122,1,
4/21/2025 13:54,4/21/2025 13:55,100,93,1,4/21/2025 13:55,THIRTY,1,3,22.72,22.72,23.561,1,How do we know they're geared to females??  Does it say so on the packaging?,2,broad,FL_493,128,1,
4/21/2025 13:48,4/21/2025 13:49,100,33,1,4/21/2025 13:49,THIRTY,1,9,2.447,5.7,13.015,3,,1,female,FL_497,129,,1
4/21/2025 13:48,4/21/2025 13:50,100,121,1,4/21/2025 13:50,THIRTY,1,9,34.184,34.184,35.099,1,,2,broad,FL_493,133,1,
4/21/2025 14:00,4/21/2025 14:01,100,66,1,4/21/2025 14:01,THIRTY,1,8,18.687,18.687,20.389,1,None,2,broad,FL_493,138,1,
4/21/2025 14:17,4/21/2025 14:19,100,88,1,4/21/2025 14:19,THIRTY,1,7,15.54,15.54,16.697,1,,2,broad,FL_493,142,1,
4/21/2025 13:55,4/21/2025 13:58,100,179,1,4/21/2025 13:58,THIRTY,1,3,53.239,53.239,56.386,1,,1,female,FL_497,147,,1
4/21/2025 14:23,4/21/2025 14:24,100,47,1,4/21/2025 14:24,THIRTY,1,9,6.432,9.556,12.788,2,,2,broad,FL_493,148,1,
4/21/2025 13:50,4/21/2025 13:51,100,29,1,4/21/2025 13:51,THIRTY,1,7,11.599,11.599,12.565,1,,2,broad,FL_493,149,1,
4/21/2025 14:22,4/21/2025 14:23,100,73,1,4/21/2025 14:23,THIRTY,1,5,32.322,32.322,33.286,1,,2,broad,FL_493,150,1,
4/21/2025 14:31,4/21/2025 14:32,100,54,1,4/21/2025 14:32,THIRTY,1,4,10.303,10.303,18.726,1,,1,female,FL_497,151,,1
4/21/2025 14:03,4/21/2025 14:05,100,100,1,4/21/2025 14:05,THIRTY,1,7,60.532,60.532,61.575,1,,1,female,FL_497,152,,1
4/21/2025 13:53,4/21/2025 13:54,100,45,1,4/21/2025 13:54,THIRTY,1,2,17.252,17.252,18.133,1,,2,broad,FL_493,155,1,
4/21/2025 13:56,4/21/2025 13:58,100,123,1,4/21/2025 13:58,THIRTY,1,5,31.953,31.953,34.1,1,,1,female,FL_497,158,,1
4/21/2025 14:02,4/21/2025 14:04,100,122,1,4/21/2025 14:04,THIRTY,1,8,36.148,36.148,37.152,1,you can slant it towards females but females usually have a boyfriend or a husband who might want to buy it for them,1,female,FL_497,159,,1
4/21/2025 13:59,4/21/2025 14:00,100,53,1,4/21/2025 14:00,THIRTY,1,5,23.297,23.297,24.377,1,,1,female,FL_497,164,,1
4/21/2025 13:49,4/21/2025 13:51,100,95,1,4/21/2025 13:51,THIRTY,1,9,46.668,46.668,48.918,1,,1,female,FL_497,166,,1
4/21/2025 13:50,4/21/2025 13:51,100,80,1,4/21/2025 13:51,THIRTY,1,9,24.628,24.628,26.117,1,,1,female,FL_497,167,,1
4/21/2025 13:52,4/21/2025 13:54,100,150,1,4/21/2025 13:54,THIRTY,1,6,82.343,82.343,83.247,1,,2,broad,FL_493,170,1,
4/21/2025 14:10,4/21/2025 14:11,100,61,1,4/21/2025 14:11,THIRTY,1,8,9.28,10.539,11.818,2,,2,broad,FL_493,176,1,
4/21/2025 14:02,4/21/2025 14:03,100,71,1,4/21/2025 14:03,THIRTY,1,7,19.215,19.215,20.088,1,Great study.,2,broad,FL_493,180,1,
4/21/2025 13:48,4/21/2025 13:50,100,77,1,4/21/2025 13:50,THIRTY,1,7,23.928,23.928,28.403,1,,2,broad,FL_493,181,1,
4/21/2025 14:06,4/21/2025 14:07,100,62,1,4/21/2025 14:07,THIRTY,1,9,15.368,15.368,16.29,1,none,1,female,FL_497,182,,1
4/21/2025 14:09,4/21/2025 14:10,100,64,1,4/21/2025 14:10,THIRTY,1,7,1.301,7.067,12.895,4,NONE,2,broad,FL_493,185,1,
4/21/2025 14:07,4/21/2025 14:08,100,110,1,4/21/2025 14:08,THIRTY,1,8,60.1,60.1,61.042,1,,1,female,FL_497,186,,1
4/21/2025 13:55,4/21/2025 13:58,100,128,1,4/21/2025 13:58,THIRTY,1,7,24.466,24.466,25.633,1,The best plan is to market to the group that you think the product would work best for,2,broad,FL_493,189,1,
4/21/2025 13:55,4/21/2025 13:56,100,46,1,4/21/2025 13:56,THIRTY,1,6,0.791,0.791,18.81,1,,2,broad,FL_493,190,1,
4/21/2025 14:04,4/21/2025 14:05,100,51,1,4/21/2025 14:05,THIRTY,1,9,15.579,15.579,16.472,1,,1,female,FL_497,192,,1
4/21/2025 14:00,4/21/2025 14:01,100,60,1,4/21/2025 14:01,THIRTY,1,9,11.114,11.114,14.556,1,How could a snack be for a certain gender?,1,female,FL_497,196,,1
4/21/2025 13:59,4/21/2025 14:00,100,65,1,4/21/2025 14:00,THIRTY,1,8,15.082,15.082,16.343,1,,2,broad,FL_493,197,1,
4/21/2025 14:00,4/21/2025 14:01,100,83,1,4/21/2025 14:01,THIRTY,1,9,7.84,7.84,13.961,1,,1,female,FL_497,200,,1
4/21/2025 13:59,4/21/2025 14:00,100,110,1,4/21/2025 14:00,THIRTY,1,7,16.452,16.452,18.297,1,,2,broad,FL_493,205,1,
4/21/2025 14:16,4/21/2025 14:21,100,298,1,4/21/2025 14:21,THIRTY,1,9,12.633,12.633,13.46,1,,2,broad,FL_493,206,1,
4/21/2025 13:50,4/21/2025 13:50,100,53,1,4/21/2025 13:50,THIRTY,1,9,20.805,20.805,21.716,1,,1,female,FL_497,208,,1
4/21/2025 14:14,4/21/2025 14:18,100,221,1,4/21/2025 14:18,THIRTY,1,1,31.831,31.831,34.344,1,"Fairness is not the issue - it is a diversion - the underlying issue is target marketing - women are the target - thus, one targets women - focus and make it special for them - MKT 101 stuff",1,female,FL_497,209,,1
4/21/2025 13:50,4/21/2025 13:51,100,98,1,4/21/2025 13:51,THIRTY,1,9,19.339,19.339,20.047,1,iT is fair to market to females if it has been shown to be in favor by females,2,broad,FL_493,213,1,
4/21/2025 13:58,4/21/2025 14:00,100,114,1,4/21/2025 14:00,THIRTY,1,6,23.398,23.398,25.852,1,,2,broad,FL_493,217,1,
4/21/2025 13:51,4/21/2025 13:52,100,85,1,4/21/2025 13:52,THIRTY,1,9,30.266,30.266,31.254,1,I believe its a fair advertising approach is all,1,female,FL_497,218,,1
4/21/2025 13:49,4/21/2025 13:51,100,119,1,4/21/2025 13:51,THIRTY,1,1,29.819,29.819,31.282,1,NONE,2,broad,FL_493,221,1,
4/21/2025 13:48,4/21/2025 13:49,100,62,1,4/21/2025 13:49,THIRTY,1,5,17.72,17.72,19.1,1,,1,female,FL_497,222,,1
4/21/2025 13:57,4/21/2025 13:59,100,61,1,4/21/2025 13:59,THIRTY,1,9,15.129,15.129,15.971,1,,1,female,FL_497,228,,1
4/21/2025 13:50,4/21/2025 13:51,100,41,1,4/21/2025 13:51,THIRTY,1,5,12.212,12.212,13.135,1, none,2,broad,FL_493,230,1,
4/21/2025 13:49,4/21/2025 13:51,100,111,1,4/21/2025 13:51,THIRTY,1,3,25.043,25.043,27.375,1,"WELL, THATS KINDA STUPID  ",2,broad,FL_493,231,1,
4/21/2025 13:48,4/21/2025 13:49,100,75,1,4/21/2025 13:49,THIRTY,1,7,14.379,14.379,15.821,1,It seems to me that their marketing money is better spent by gearing to its more likely target market,1,female,FL_497,232,,1
4/21/2025 13:50,4/21/2025 13:51,100,35,1,4/21/2025 13:51,THIRTY,1,6,9.394,9.394,10.785,1,,1,female,FL_497,237,,1
4/21/2025 13:50,4/21/2025 13:52,100,78,1,4/21/2025 13:52,THIRTY,1,6,32.071,32.071,33.453,1,no comments,1,female,FL_497,246,,1
4/21/2025 13:48,4/21/2025 13:50,100,104,1,4/21/2025 13:50,THIRTY,1,9,21.867,21.867,23.353,1,,1,female,FL_497,256,,1
4/21/2025 13:55,4/21/2025 13:57,100,109,1,4/21/2025 13:57,THIRTY,1,5,23.613,23.613,25.971,1,"They should advertise to their target consumer, whatever they think that is.",1,female,FL_497,258,,1
4/21/2025 13:50,4/21/2025 13:51,100,65,1,4/21/2025 13:51,THIRTY,1,9,26.034,29.084,30.597,2,,1,female,FL_497,268,,1
4/21/2025 13:50,4/21/2025 13:51,100,61,1,4/21/2025 13:51,THIRTY,1,4,21.316,21.316,23.008,1,,2,broad,FL_493,270,1,
4/21/2025 14:29,4/21/2025 14:33,100,199,1,4/21/2025 14:33,THIRTY,1,7,45.237,45.237,46.377,1,I am OK with them advertising to everyone since individual tastes differ. It might be the advantage to make their advertisng more cost effective if they highlight the female audience,1,female,FL_497,272,,1
4/21/2025 13:54,4/21/2025 13:56,100,93,1,4/21/2025 13:56,THIRTY,1,7,33.097,33.097,34.078,1,All good - thank you!,2,broad,FL_493,277,1,
4/21/2025 14:05,4/21/2025 14:08,100,179,1,4/21/2025 14:08,THIRTY,1,8,20.394,27.168,29.082,4,Very happy women are involved in snacks business and working very hard,2,broad,FL_493,286,1,
4/21/2025 13:54,4/21/2025 13:58,100,225,1,4/21/2025 13:58,THIRTY,1,7,37.978,55.868,64.113,5,There are fair conditions and also makes customers make their own decision,1,female,FL_497,287,,1
4/21/2025 14:22,4/21/2025 14:23,100,46,1,4/21/2025 14:23,THIRTY,1,5,11.328,11.328,12.664,1,,1,female,FL_497,288,,1
4/21/2025 13:59,4/21/2025 14:01,100,124,1,4/21/2025 14:01,THIRTY,1,9,18.076,18.076,19.385,1,,1,female,FL_497,299,,1
4/21/2025 13:47,4/21/2025 13:48,100,41,1,4/21/2025 13:48,THIRTY,1,6,0.314,21.637,22.173,6,,2,broad,FL_493,300,1,
4/21/2025 13:49,4/21/2025 13:51,100,105,1,4/21/2025 13:51,THIRTY,1,5,28.818,28.818,30.325,1,,1,female,FL_497,304,,1
4/21/2025 14:02,4/21/2025 14:04,100,100,1,4/21/2025 14:04,THIRTY,1,7,9.641,10.178,11.272,2,,1,female,FL_497,305,,1
4/21/2025 14:02,4/21/2025 14:04,100,69,1,4/21/2025 14:04,THIRTY,1,9,31.501,31.501,33.21,1,,1,female,FL_497,306,,1
4/21/2025 13:52,4/21/2025 13:55,100,166,1,4/21/2025 13:55,THIRTY,1,8,6.382,32.703,33.47,2,,2,broad,FL_493,308,1,
4/21/2025 14:38,4/21/2025 14:39,100,36,1,4/21/2025 14:39,THIRTY,1,8,13.222,13.222,14.157,1,,1,female,FL_497,312,,1
4/21/2025 13:48,4/21/2025 13:49,100,60,1,4/21/2025 13:49,THIRTY,1,7,12.013,12.013,14.253,1,,1,female,FL_497,314,,1
4/21/2025 14:09,4/21/2025 14:10,100,48,1,4/21/2025 14:10,THIRTY,1,9,14.027,14.628,15.007,2,,2,broad,FL_493,318,1,
4/21/2025 13:58,4/21/2025 13:59,100,90,1,4/21/2025 13:59,THIRTY,1,3,23.662,23.662,24.96,1,It’s for all or for women just say what it is ,1,female,FL_497,325,,1
4/21/2025 14:11,4/21/2025 14:12,100,77,1,4/21/2025 14:12,THIRTY,1,5,8.392,19.728,20.955,6,none - companies can advertise as they like,1,female,FL_497,332,,1
4/21/2025 13:48,4/21/2025 13:49,100,54,1,4/21/2025 13:49,THIRTY,1,9,3.973,20.524,21.251,5,,1,female,FL_497,346,,1
4/21/2025 13:49,4/21/2025 13:50,100,66,1,4/21/2025 13:50,THIRTY,1,3,4.478,21.391,27.961,3,,2,broad,FL_493,349,1,
4/21/2025 14:22,4/21/2025 14:24,100,84,1,4/21/2025 14:24,THIRTY,1,9,4.997,14.209,15.443,2,,1,female,FL_497,352,,1
4/21/2025 14:24,4/21/2025 14:26,100,97,1,4/21/2025 14:26,THIRTY,1,6,26.18,26.18,27.213,1,,2,broad,FL_493,359,1,
4/21/2025 13:50,4/21/2025 13:52,100,116,1,4/21/2025 13:52,THIRTY,1,1,23.891,25.142,28.846,2,I do not feel that advertising a snack food for women only is fair or does it show equality.,2,broad,FL_493,370,1,
4/21/2025 14:06,4/21/2025 14:08,100,156,1,4/21/2025 14:08,THIRTY,1,6,6.697,6.697,35.77,1,No comments,2,broad,FL_493,383,1,
4/21/2025 13:49,4/21/2025 13:51,100,89,1,4/21/2025 13:51,THIRTY,1,5,11.536,11.536,14.602,1,,2,broad,FL_493,388,1,
4/21/2025 13:49,4/21/2025 13:51,100,95,1,4/21/2025 13:51,THIRTY,1,9,27.21,37.986,38.683,8,"I believe fairness means marketing a product to all people, as opposed to just a specific group of people.",1,female,FL_497,396,,1
4/21/2025 14:55,4/21/2025 14:56,100,89,1,4/21/2025 14:56,THIRTY,1,8,22.071,22.071,23.67,1,,2,broad,FL_493,397,1,
4/21/2025 13:54,4/21/2025 14:04,100,619,1,4/21/2025 14:04,THIRTY,1,4,3.492,12.963,13.6,11,,2,broad,FL_493,401,1,
4/21/2025 13:55,4/21/2025 13:57,100,95,1,4/21/2025 13:57,THIRTY,1,5,28.546,28.546,29.701,1,,1,female,FL_497,402,,1
4/21/2025 13:57,4/21/2025 13:58,100,62,1,4/21/2025 13:58,THIRTY,1,8,24.275,24.275,25.536,1,,1,female,FL_497,404,,1
4/21/2025 13:50,4/21/2025 13:52,100,78,1,4/21/2025 13:52,THIRTY,1,1,25.616,25.616,26.899,1,,2,broad,FL_493,407,1,
4/21/2025 13:57,4/21/2025 13:58,100,83,1,4/21/2025 13:58,THIRTY,1,8,3.12,17.296,18.365,2,No comments,2,broad,FL_493,409,1,
4/21/2025 13:50,4/21/2025 13:56,100,371,1,4/21/2025 13:56,THIRTY,1,7,15.557,32.996,33.954,2,No comments,2,broad,FL_493,411,1,
4/21/2025 13:48,4/21/2025 13:50,100,119,1,4/21/2025 13:50,THIRTY,1,9,13.059,13.059,13.735,1,"Insofar as any marketing campaign is or could be 'fair"".  Seems kinda orthogonal to me: not fair, not not fair.",1,female,FL_497,415,,1
4/21/2025 13:49,4/21/2025 13:50,100,60,1,4/21/2025 13:50,THIRTY,1,7,2.766,3.198,25.524,2,,1,female,FL_497,419,,1
4/21/2025 14:30,4/21/2025 14:32,100,74,1,4/21/2025 14:32,THIRTY,1,9,22.423,22.583,23.48,2,,1,female,FL_497,435,,1
4/21/2025 14:09,4/21/2025 14:10,100,73,1,4/21/2025 14:10,THIRTY,1,8,17.018,17.018,32.801,1,,1,female,FL_497,437,,1
4/21/2025 13:50,4/21/2025 13:51,100,61,1,4/21/2025 13:51,THIRTY,1,5,20.914,20.914,22.122,1,,1,female,FL_497,442,,1
4/21/2025 13:56,4/21/2025 13:58,100,93,1,4/21/2025 13:58,THIRTY,1,8,15.493,15.493,17.187,1,Northing wrong with targeting a specific demographic as long as it's also fair to target men for certain products,2,broad,FL_493,447,1,
4/21/2025 14:06,4/21/2025 14:07,100,47,1,4/21/2025 14:07,THIRTY,1,8,15.645,15.645,16.702,1,,1,female,FL_497,454,,1
4/21/2025 14:20,4/21/2025 14:23,100,147,1,4/21/2025 14:23,THIRTY,1,9,23.42,23.42,24.61,1,"I agree this new snack should be advertised geared towards the general public and let people decide for themselves .  Great study, enjoyed participating . Thank you !",1,female,FL_497,457,,1
4/21/2025 13:51,4/21/2025 13:52,100,88,1,4/21/2025 13:52,THIRTY,1,7,22.971,22.971,24.043,1,,1,female,FL_497,468,,1
4/21/2025 14:02,4/21/2025 14:03,100,59,1,4/21/2025 14:03,THIRTY,1,7,27.551,27.551,29.274,1,,2,broad,FL_493,473,1,
4/21/2025 14:04,4/21/2025 14:07,100,173,1,4/21/2025 14:07,THIRTY,1,8,3.83,91.29,92.238,4,Thank you for the survey!! I am SO looking forward to doing more for you. Thank you again!,1,female,FL_497,478,,1
4/21/2025 13:50,4/21/2025 13:51,100,51,1,4/21/2025 13:51,THIRTY,1,6,9.538,9.538,10.873,1,,1,female,FL_497,487,,1
4/21/2025 14:03,4/21/2025 14:05,100,123,1,4/21/2025 14:05,THIRTY,1,9,26.575,26.575,27.564,1,"It's odd to think a snack would be better suited to one gender or the other based on texture, etc.",1,female,FL_497,494,,1
4/21/2025 13:48,4/21/2025 13:50,100,125,1,4/21/2025 13:50,THIRTY,1,7,20.587,20.587,22.113,1,"Gender assigned products are a long standing tradition that might be fading a bit, finally.",1,female,FL_497,499,,1
4/21/2025 14:08,4/21/2025 14:10,100,105,1,4/21/2025 14:10,THIRTY,1,5,35.999,35.999,37.429,1,many products are geared to a certain demograhic so i see no issue with that,2,broad,FL_493,502,1,
4/21/2025 14:06,4/21/2025 14:15,100,542,1,4/21/2025 14:15,THIRTY,1,1,200.223,202.903,210.476,3,,2,broad,FL_493,503,1,
4/21/2025 14:17,4/21/2025 14:23,100,323,1,4/21/2025 14:23,THIRTY,1,8,28.143,28.143,29.553,1,I don't see anything wrong about marketing a product that is specific to women...that also leads one to believe there is also a male version of the same product. Thank You for the opportunity to participate!,2,broad,FL_493,504,1,
4/21/2025 14:09,4/21/2025 14:12,100,160,1,4/21/2025 14:12,THIRTY,1,8,23.418,50.689,51.838,4,,1,female,FL_497,507,,1
4/21/2025 13:48,4/21/2025 13:48,100,45,1,4/21/2025 13:48,THIRTY,1,9,11.334,11.334,12.044,1,,2,broad,FL_493,515,1,
4/21/2025 13:53,4/21/2025 13:55,100,82,1,4/21/2025 13:55,THIRTY,1,8,11.61,11.61,13.132,1,"I don't think ""fair"" is even appropriate to use for marketing food.",1,female,FL_497,522,,1
4/21/2025 13:59,4/21/2025 14:00,100,83,1,4/21/2025 14:00,THIRTY,1,7,11.494,11.494,16.025,1,,2,broad,FL_493,527,1,
4/21/2025 14:36,4/21/2025 14:37,100,57,1,4/21/2025 14:37,THIRTY,1,9,15.908,19.309,20.4,2,,1,female,FL_497,552,,1
4/21/2025 13:47,4/21/2025 13:48,100,36,1,4/21/2025 13:48,THIRTY,1,9,11.985,11.985,12.626,1,,1,female,FL_497,553,,1
4/21/2025 13:53,4/21/2025 13:56,100,139,1,4/21/2025 13:56,THIRTY,1,3,25.836,25.836,26.863,1,I don't agree with their  decision because it would be to difficult to actually decide the amount of women who liked the snack because of peoples varying moods.,2,broad,FL_493,562,1,
4/21/2025 14:14,4/21/2025 14:14,100,37,1,4/21/2025 14:14,THIRTY,1,6,4.628,7.007,15.204,2,,2,broad,FL_493,564,1,
4/21/2025 13:53,4/21/2025 13:55,100,95,1,4/21/2025 13:55,THIRTY,1,9,16.527,16.527,18.101,1,,1,female,FL_497,568,,1
4/21/2025 13:48,4/21/2025 13:50,100,117,1,4/21/2025 13:50,THIRTY,1,9,32.889,32.889,34.8,1,no comment to add,1,female,FL_497,575,,1
4/21/2025 13:59,4/21/2025 14:01,100,93,1,4/21/2025 14:01,THIRTY,1,7,26.603,26.603,28.314,1,,1,female,FL_497,583,,1
4/21/2025 14:09,4/21/2025 14:10,100,48,1,4/21/2025 14:10,THIRTY,1,3,21.293,21.293,22.651,1,,1,female,FL_497,585,,1
4/21/2025 14:32,4/21/2025 14:33,100,55,1,4/21/2025 14:33,THIRTY,1,8,13.89,13.89,17.353,1,I feel the company is free to market the product however they like.,2,broad,FL_493,601,1,
4/21/2025 13:48,4/21/2025 13:49,100,66,1,4/21/2025 13:49,THIRTY,1,4,11.498,11.498,12.899,1,It is not a smart marketing plan in my opinion.,1,female,FL_497,610,,1
4/21/2025 13:49,4/21/2025 13:50,100,66,1,4/21/2025 13:50,THIRTY,1,9,10.646,10.646,11.63,1,Hard to imagine snacks would appeal more to one gender.,1,female,FL_497,612,,1
4/21/2025 13:48,4/21/2025 13:50,100,143,1,4/21/2025 13:50,THIRTY,1,9,35.423,35.423,36.145,1,"I think it's fair because even though the snacks are supposed to be better suited for female customers, males may also enjoy them. ",1,female,FL_497,614,,1
4/21/2025 13:48,4/21/2025 13:53,100,268,1,4/21/2025 13:53,THIRTY,1,6,91.711,98.955,101.358,2,Funny how when deciding marketing strategies there are suddenly only two genders to be concerned with.,2,broad,FL_493,620,1,
4/21/2025 14:20,4/21/2025 14:21,100,54,1,4/21/2025 14:21,THIRTY,1,3,24.302,24.302,29.068,1,,2,broad,FL_493,621,1,
4/21/2025 13:53,4/21/2025 13:58,100,297,1,4/21/2025 13:58,THIRTY,1,8,78.646,102.94,104.549,4,,1,female,FL_497,635,,1
4/21/2025 13:56,4/21/2025 13:59,100,163,1,4/21/2025 13:59,THIRTY,1,9,12.58,13.402,13.974,2,Thank you for allowing me to participate!,1,female,FL_497,642,,1
4/21/2025 14:56,4/21/2025 14:58,100,78,1,4/21/2025 14:58,THIRTY,1,9,15.938,15.938,16.695,1,"Most foods are marketed to all consumers, particularly snacks. What am I missing? Have a great day!",1,female,FL_497,647,,1
4/21/2025 13:53,4/21/2025 13:58,100,322,1,4/21/2025 13:58,THIRTY,1,9,21.529,21.529,22.976,1,"Since I have never, ever thought in terms of gender preferences for common snacks, I think it is only fair the new snack should be advertised to anyone. I always judge a snack by the way it tastes and its texture. I can't think of even one snack that might be more suited for ""women"". Well, maybe Smoothies.",1,female,FL_497,651,,1
4/21/2025 13:49,4/21/2025 13:50,100,98,1,4/21/2025 13:50,THIRTY,1,8,25.766,33.543,35.484,2,n/a,2,broad,FL_493,654,1,
4/21/2025 14:05,4/21/2025 14:07,100,117,1,4/21/2025 14:07,THIRTY,1,6,51.388,58.14,58.735,2,"As long as there isn't a ""pink tax"" there's not a ton of unfairness",2,broad,FL_493,684,1,
4/21/2025 13:49,4/21/2025 13:51,100,131,1,4/21/2025 13:51,THIRTY,1,9,35.481,35.481,36.509,1,"I think more things are geared towards men so I like when products cater to women. But if it were soley marketed to women, they'd jack up the price.",1,female,FL_497,693,,1
4/21/2025 14:08,4/21/2025 14:10,100,96,1,4/21/2025 14:10,THIRTY,1,6,7.268,7.268,14.978,1,,2,broad,FL_493,695,1,
4/21/2025 14:11,4/21/2025 14:16,100,288,1,4/21/2025 14:16,THIRTY,1,6,5.601,41.737,42.584,2,"The company has the right to advertise their product|. Considering it usually claims to lean to female tastes, which is subjective, I see no problem for them just advertising the product to all.",1,female,FL_497,700,,1
4/21/2025 13:49,4/21/2025 13:56,100,453,1,4/21/2025 13:56,THIRTY,1,5,378.671,391.481,392.55,2,,2,broad,FL_493,703,1,
4/21/2025 14:01,4/21/2025 14:03,100,75,1,4/21/2025 14:03,THIRTY,1,9,33.564,33.564,43.692,1,,2,broad,FL_493,706,1,
4/21/2025 14:03,4/21/2025 14:06,100,147,1,4/21/2025 14:06,THIRTY,1,6,25.839,25.839,26.962,1,Interesting business scenario. Thank you.,2,broad,FL_493,710,1,
4/21/2025 13:50,4/21/2025 13:53,100,181,1,4/21/2025 13:53,THIRTY,1,6,17.139,35.614,37.235,6,I think it would be fair if they thought only women would be interested in the snacks.,2,broad,FL_493,711,1,
4/21/2025 13:59,4/21/2025 14:00,100,69,1,4/21/2025 14:00,THIRTY,1,5,21.567,21.567,24.29,1,,2,broad,FL_493,713,1,
4/21/2025 13:50,4/21/2025 13:51,100,51,1,4/21/2025 13:51,THIRTY,1,3,14.891,18.607,19.562,2,,2,broad,FL_493,714,1,
4/21/2025 14:10,4/21/2025 14:13,100,139,1,4/21/2025 14:13,THIRTY,1,9,53.88,54.706,55.345,2,none thank you,1,female,FL_497,718,,1
4/21/2025 14:03,4/21/2025 14:04,100,70,1,4/21/2025 14:04,THIRTY,1,1,15.789,15.789,17.351,1,,2,broad,FL_493,727,1,
4/21/2025 13:48,4/21/2025 13:49,100,57,1,4/21/2025 13:49,THIRTY,1,2,22.988,22.988,23.778,1,,2,broad,FL_493,732,1,
4/21/2025 14:09,4/21/2025 14:10,100,49,1,4/21/2025 14:10,THIRTY,1,9,13.249,13.249,16.919,1,,1,female,FL_497,735,,1
4/21/2025 13:53,4/21/2025 13:55,100,154,1,4/21/2025 13:55,THIRTY,1,8,8.969,10.889,13.209,2,It was very insightful,1,female,FL_497,743,,1
4/21/2025 13:49,4/21/2025 13:51,100,87,1,4/21/2025 13:51,THIRTY,1,9,8.801,17.153,17.978,5,it's their prerogative if they want to make a snack oriented to women,2,broad,FL_493,748,1,
4/21/2025 13:49,4/21/2025 13:50,100,86,1,4/21/2025 13:50,THIRTY,1,1,24.548,24.548,26.998,1,,2,broad,FL_493,752,1,
4/21/2025 14:29,4/21/2025 14:35,100,364,1,4/21/2025 14:35,THIRTY,1,7,321.082,321.082,321.717,1,,2,broad,FL_493,753,1,
4/21/2025 13:48,4/21/2025 13:49,100,47,1,4/21/2025 13:49,THIRTY,1,5,9.286,9.286,10.842,1,,2,broad,FL_493,756,1,
4/21/2025 14:02,4/21/2025 14:05,100,205,1,4/21/2025 14:05,THIRTY,1,9,51.083,51.083,53.192,1,,1,female,FL_497,771,,1
4/21/2025 13:57,4/21/2025 13:58,100,43,1,4/21/2025 13:58,THIRTY,1,7,11.382,11.382,12.2,1,,1,female,FL_497,774,,1
4/21/2025 13:49,4/21/2025 13:50,100,39,1,4/21/2025 13:50,THIRTY,1,9,5.499,10.236,10.849,6,,2,broad,FL_493,775,1,
4/21/2025 14:13,4/21/2025 14:14,100,70,1,4/21/2025 14:14,THIRTY,1,9,36.03,36.584,36.937,2,,1,female,FL_497,796,,1
4/21/2025 13:49,4/21/2025 13:50,100,39,1,4/21/2025 13:50,THIRTY,1,5,5.433,10.684,11.066,5,,1,female,FL_497,799,,1
4/21/2025 13:58,4/21/2025 13:59,100,54,1,4/21/2025 13:59,THIRTY,1,9,14.13,14.13,15.146,1,,2,broad,FL_493,802,1,
4/21/2025 14:17,4/21/2025 14:18,100,74,1,4/21/2025 14:18,THIRTY,1,8,30.902,30.902,32.345,1,,1,female,FL_497,808,,1
4/21/2025 14:05,4/21/2025 14:06,100,47,1,4/21/2025 14:06,THIRTY,1,6,14.3,15.734,16.568,2,,2,broad,FL_493,814,1,
4/21/2025 14:07,4/21/2025 14:07,100,45,1,4/21/2025 14:07,THIRTY,1,4,10.675,10.675,11.552,1,,2,broad,FL_493,816,1,
4/21/2025 13:49,4/21/2025 13:51,100,96,1,4/21/2025 13:51,THIRTY,1,6,30.502,30.502,31.839,1,Women are about half of the population so a general campaign seems like a good idea,1,female,FL_497,821,,1
4/21/2025 14:36,4/21/2025 14:37,100,66,1,4/21/2025 14:37,THIRTY,1,7,14.39,14.888,15.737,2,None,2,broad,FL_493,825,1,
4/21/2025 14:28,4/21/2025 14:29,100,54,1,4/21/2025 14:29,THIRTY,1,4,14.655,14.655,15.875,1,,2,broad,FL_493,826,1,
4/21/2025 14:55,4/21/2025 14:56,100,60,1,4/21/2025 14:56,THIRTY,1,7,18.727,19.299,19.788,2,,1,female,FL_497,827,,1
4/21/2025 14:04,4/21/2025 14:05,100,99,1,4/21/2025 14:05,THIRTY,1,7,25.51,25.51,26.595,1,I have no problem with that,2,broad,FL_493,828,1,
4/21/2025 14:11,4/21/2025 14:12,100,59,1,4/21/2025 14:12,THIRTY,1,9,13.078,15.962,19.493,2,I think marketing the chips to everyone is a great way to get other people engaged with the product.,1,female,FL_497,834,,1
4/21/2025 14:00,4/21/2025 14:02,100,111,1,4/21/2025 14:02,THIRTY,1,9,21.287,21.287,22.786,1,,1,female,FL_497,836,,1
4/21/2025 14:19,4/21/2025 14:21,100,86,1,4/21/2025 14:21,THIRTY,1,9,23.294,23.294,24.399,1,,1,female,FL_497,849,,1
4/21/2025 13:48,4/21/2025 13:49,100,53,1,4/21/2025 13:49,THIRTY,1,7,0.692,0.692,11.734,1,,2,broad,FL_493,852,1,
4/21/2025 14:11,4/21/2025 14:14,100,168,1,4/21/2025 14:14,THIRTY,1,7,22.831,27.586,28.832,2,"it ok to market to demographics for the most part,this is not a product that is an absolute necessity where it would b unfair to deprive one group or another",2,broad,FL_493,855,1,
4/21/2025 14:05,4/21/2025 14:07,100,110,1,4/21/2025 14:07,THIRTY,1,3,28.569,28.569,34.371,1,,2,broad,FL_493,861,1,
4/21/2025 14:00,4/21/2025 14:03,100,144,1,4/21/2025 14:03,THIRTY,1,4,24.686,24.686,25.938,1,"If an item is being marketed to a specific user, that is fair.",1,female,FL_497,865,,1
4/21/2025 13:54,4/21/2025 13:55,100,85,1,4/21/2025 13:55,THIRTY,1,9,21.656,21.656,22.332,1,If a company wants to target a certain audience then that's absolutely fair. ,2,broad,FL_493,867,1,
4/21/2025 14:21,4/21/2025 14:24,100,189,1,4/21/2025 14:24,THIRTY,1,1,36.5,36.5,39.252,1,"The company isn't transparent and therefore can not be trusted.Although I'm a female, I wouldn't purchase from this company",1,female,FL_497,876,,1
4/21/2025 14:50,4/21/2025 14:50,100,32,1,4/21/2025 14:50,THIRTY,1,9,8.107,8.107,10.878,1,,2,broad,FL_493,877,1,
4/21/2025 13:48,4/21/2025 13:49,100,48,1,4/21/2025 13:49,THIRTY,1,8,13.681,13.681,15.737,1,,1,female,FL_497,880,,1
4/21/2025 13:50,4/21/2025 13:51,100,79,1,4/21/2025 13:51,THIRTY,1,7,14.992,15.509,15.83,2,,1,female,FL_497,883,,1
4/21/2025 15:02,4/21/2025 15:04,100,109,1,4/21/2025 15:04,THIRTY,1,7,16.519,18.818,19.826,2,"I think its fine because its your business... however there would probably be men who like the more ""female"" snacks.. kinda like cocktail drinks.",2,broad,FL_493,884,1,
4/21/2025 14:07,4/21/2025 14:10,100,161,1,4/21/2025 14:10,THIRTY,1,3,40.294,40.294,41.826,1,"Just because they mostly appeal to women does not mean some men wouldn't like them, so why be so exclusive in promotions?",2,broad,FL_493,888,1,
4/21/2025 13:49,4/21/2025 13:52,100,181,1,4/21/2025 13:52,THIRTY,1,6,39.715,39.715,42.714,1,NEED TO MARKET TO CORE CUSTOMER BASE,2,broad,FL_493,905,1,
4/21/2025 14:19,4/21/2025 14:20,100,52,1,4/21/2025 14:20,THIRTY,1,5,13.763,14.692,15.282,2,,2,broad,FL_493,913,1,
4/21/2025 13:58,4/21/2025 14:01,100,192,1,4/21/2025 14:01,THIRTY,1,9,32.633,33.881,34.927,2,,1,female,FL_497,936,,1
4/21/2025 13:49,4/21/2025 13:51,100,107,1,4/21/2025 13:51,THIRTY,1,8,46.734,46.734,48.297,1,none,1,female,FL_497,944,,1
4/21/2025 13:54,4/21/2025 13:55,100,67,1,4/21/2025 13:55,THIRTY,1,5,21.138,21.138,22.079,1,,2,broad,FL_493,957,1,
4/21/2025 14:04,4/21/2025 14:08,100,246,1,4/21/2025 14:08,THIRTY,1,6,6.064,16.596,18.565,2,,2,broad,FL_493,959,1,
4/21/2025 14:12,4/21/2025 14:14,100,141,1,4/21/2025 14:14,THIRTY,1,6,47.849,47.849,49.809,1,seemed fair enough to me,2,broad,FL_493,963,1,
4/21/2025 13:56,4/21/2025 13:58,100,122,1,4/21/2025 13:58,THIRTY,1,4,67.987,67.987,70.373,1,,2,broad,FL_493,966,1,
4/21/2025 13:58,4/21/2025 14:00,100,82,1,4/21/2025 14:00,THIRTY,1,9,24.79,24.79,26.987,1,,1,female,FL_497,971,,1
4/21/2025 14:20,4/21/2025 14:21,100,88,1,4/21/2025 14:21,THIRTY,1,9,13.971,13.971,14.917,1,,1,female,FL_497,990,,1
4/21/2025 13:51,4/21/2025 13:52,100,57,1,4/21/2025 13:52,THIRTY,1,8,13.286,13.286,14.274,1,,1,female,FL_497,1002,,1
4/21/2025 14:17,4/21/2025 14:19,100,75,1,4/21/2025 14:19,THIRTY,1,9,26.744,26.744,28.405,1,,1,female,FL_497,1003,,1
4/21/2025 13:51,4/21/2025 13:52,100,63,1,4/21/2025 13:52,THIRTY,1,7,18.501,18.501,19.158,1,,2,broad,FL_493,1007,1,
4/21/2025 13:47,4/21/2025 13:48,100,43,1,4/21/2025 13:48,THIRTY,1,9,2.55,13.63,16.033,4,,1,female,FL_497,1009,,1
4/21/2025 13:49,4/21/2025 13:50,100,52,1,4/21/2025 13:50,THIRTY,1,7,1.759,11.458,12.439,4,,2,broad,FL_493,1012,1,
4/21/2025 13:55,4/21/2025 13:56,100,76,1,4/21/2025 13:56,THIRTY,1,7,12.914,14.641,15.341,3,,1,female,FL_497,1016,,1
4/21/2025 13:49,4/21/2025 13:50,100,78,1,4/21/2025 13:50,THIRTY,1,7,22.764,26.619,27.343,3,,2,broad,FL_493,1024,1,
4/21/2025 13:51,4/21/2025 13:54,100,178,1,4/21/2025 13:54,THIRTY,1,7,16.096,16.096,17.16,1,,1,female,FL_497,1031,,1
4/21/2025 14:00,4/21/2025 14:01,100,77,1,4/21/2025 14:01,THIRTY,1,9,19.051,19.051,20.819,1,,1,female,FL_497,1047,,1
4/21/2025 13:57,4/21/2025 13:59,100,76,1,4/21/2025 13:59,THIRTY,1,9,25.148,25.465,26.324,2,,2,broad,FL_493,1048,1,
4/21/2025 13:50,4/21/2025 13:52,100,106,1,4/21/2025 13:52,THIRTY,1,9,20.969,20.969,22.943,1,No comments today,1,female,FL_497,1052,,1
4/21/2025 13:49,4/21/2025 13:50,100,52,1,4/21/2025 13:50,THIRTY,1,4,11.472,11.472,12.29,1,,2,broad,FL_493,1055,1,
4/21/2025 13:54,4/21/2025 13:55,100,85,1,4/21/2025 13:55,THIRTY,1,5,10.228,14.166,15.065,3,,1,female,FL_497,1059,,1
4/21/2025 13:52,4/21/2025 13:53,100,91,1,4/21/2025 13:53,THIRTY,1,9,10.34,10.34,12.896,1,It makes sense to try and advertise things in a broad sense to get other hidden demographics maybe.,1,female,FL_497,1061,,1
4/21/2025 13:50,4/21/2025 13:52,100,115,1,4/21/2025 13:52,THIRTY,1,6,0.929,7.255,11.665,7,,2,broad,FL_493,1063,1,
4/21/2025 14:21,4/21/2025 14:23,100,164,1,4/21/2025 14:23,THIRTY,1,9,20.621,20.621,22.075,1,"It would be unfair to not target all people, in my opinion because there are always exceptions. I feel left out when cedar-fragranced soaps target men. I buy them anyway but  I feel like I'm cheating.",1,female,FL_497,1068,,1
4/21/2025 14:06,4/21/2025 14:08,100,138,1,4/21/2025 14:08,THIRTY,1,4,22.901,22.901,24.02,1,"Whether a snack food appeals more to women is probably based on a small sample compared to the number of potential buyers, and therefore should not be the focus of advertising -- it will greatly limit sales.r",2,broad,FL_493,1077,1,
4/21/2025 14:16,4/21/2025 14:19,100,222,1,4/21/2025 14:19,THIRTY,1,8,19.728,19.728,20.428,1,,1,female,FL_497,1092,,1
4/21/2025 13:53,4/21/2025 13:57,100,206,1,4/21/2025 13:57,THIRTY,1,5,37.91,37.91,39.476,1,"If they advertise the snack and men like it, it's great. But, if only women like the snack, it should be redesigned so that men enjoy it too.",1,female,FL_497,1104,,1
4/21/2025 13:55,4/21/2025 13:58,100,144,1,4/21/2025 13:58,THIRTY,1,9,30.334,30.334,31.401,1,,1,female,FL_497,1113,,1
4/21/2025 13:50,4/21/2025 13:50,100,48,1,4/21/2025 13:50,THIRTY,1,7,17.701,17.701,18.286,1,,1,female,FL_497,1125,,1
4/21/2025 13:57,4/21/2025 13:58,100,69,1,4/21/2025 13:58,THIRTY,1,7,18.719,18.719,20.656,1,,2,broad,FL_493,1127,1,
4/21/2025 13:58,4/21/2025 14:00,100,146,1,4/21/2025 14:00,THIRTY,1,8,8.69,36.439,37.36,8,It’s always best to advertise to the broadest demographic because you are reaching the widest possible number of people. Tailoring the ads to only females may alienate potential male customers.  ,1,female,FL_497,1137,,1
4/21/2025 13:54,4/21/2025 13:55,100,56,1,4/21/2025 13:55,THIRTY,1,9,27.398,27.849,31.667,2,,1,female,FL_497,1138,,1
4/21/2025 14:04,4/21/2025 14:05,100,94,1,4/21/2025 14:05,THIRTY,1,3,13.949,13.949,15.508,1,,2,broad,FL_493,1139,1,
4/21/2025 13:49,4/21/2025 13:51,100,87,1,4/21/2025 13:51,THIRTY,1,6,22.1,24.556,25.572,2,,2,broad,FL_493,1150,1,
4/21/2025 13:51,4/21/2025 13:53,100,119,1,4/21/2025 13:53,THIRTY,1,8,18.928,18.928,19.901,1,easy,1,female,FL_497,1151,,1
4/21/2025 14:14,4/21/2025 14:16,100,81,1,4/21/2025 14:16,THIRTY,1,7,33.113,33.113,34.253,1,,2,broad,FL_493,1162,1,
4/21/2025 14:14,4/21/2025 14:15,100,106,1,4/21/2025 14:15,THIRTY,1,8,20.592,20.592,27.221,1,,1,female,FL_497,1163,,1
4/21/2025 13:54,4/21/2025 13:54,100,29,1,4/21/2025 13:54,THIRTY,1,3,6.439,8.601,11.076,2,,2,broad,FL_493,1165,1,
4/21/2025 13:49,4/21/2025 13:50,100,55,1,4/21/2025 13:50,THIRTY,1,7,13.268,13.268,14.423,1,,2,broad,FL_493,1166,1,
4/21/2025 14:14,4/21/2025 14:15,100,86,1,4/21/2025 14:15,THIRTY,1,5,26.155,28.996,31.676,2,Thank You,2,broad,FL_493,1171,1,
4/21/2025 14:05,4/21/2025 14:07,100,112,1,4/21/2025 14:07,THIRTY,1,9,30.806,30.806,32.529,1,,1,female,FL_497,1172,,1
4/21/2025 13:49,4/21/2025 13:51,100,113,1,4/21/2025 13:51,THIRTY,1,7,22.687,22.687,24.426,1,"if they think females will like it better, then they should market it to women",1,female,FL_497,1180,,1
4/21/2025 14:04,4/21/2025 14:08,100,219,1,4/21/2025 14:08,THIRTY,1,1,154.387,156.101,157.07,2,FOod should be general neutral!,2,broad,FL_493,1201,1,
4/21/2025 14:01,4/21/2025 14:02,100,43,1,4/21/2025 14:02,THIRTY,1,7,11.725,11.725,12.686,1,,2,broad,FL_493,1204,1,
4/21/2025 13:47,4/21/2025 13:48,100,57,1,4/21/2025 13:48,THIRTY,1,9,12.427,12.427,13.525,1,"Ive never heard of male or female preferences for snacks, its usually how it feels to the tooth",1,female,FL_497,1207,,1
4/21/2025 13:50,4/21/2025 13:52,100,130,1,4/21/2025 13:52,THIRTY,1,5,56.949,56.949,59.065,1,,2,broad,FL_493,1216,1,
4/21/2025 13:59,4/21/2025 14:00,100,46,1,4/21/2025 14:00,THIRTY,1,7,13.688,22.403,25.715,5,,1,female,FL_497,1221,,1
4/21/2025 14:00,4/21/2025 14:01,100,56,1,4/21/2025 14:01,THIRTY,1,8,18.736,19.556,20.054,2,,1,female,FL_497,1224,,1
4/21/2025 13:48,4/21/2025 13:50,100,92,1,4/21/2025 13:50,THIRTY,1,9,16.029,16.029,17,1,,2,broad,FL_493,1225,1,
4/21/2025 13:54,4/21/2025 13:55,100,76,1,4/21/2025 13:55,THIRTY,1,8,20.31,20.31,21.545,1,,1,female,FL_497,1230,,1
4/21/2025 13:49,4/21/2025 13:50,100,63,1,4/21/2025 13:50,THIRTY,1,9,3.218,20.509,22.567,2,,2,broad,FL_493,1233,1,
4/21/2025 14:02,4/21/2025 14:03,100,46,1,4/21/2025 14:03,THIRTY,1,8,11.639,12.126,18.37,2,,2,broad,FL_493,1247,1,
4/21/2025 13:57,4/21/2025 13:58,100,37,1,4/21/2025 13:58,THIRTY,1,8,13.008,13.008,13.61,1,,2,broad,FL_493,1248,1,
4/21/2025 13:49,4/21/2025 13:49,100,40,1,4/21/2025 13:49,THIRTY,1,7,9.365,9.365,10.761,1,,2,broad,FL_493,1262,1,
4/21/2025 14:02,4/21/2025 14:04,100,100,1,4/21/2025 14:04,THIRTY,1,8,44.435,44.435,46.026,1,,1,female,FL_497,1263,,1
4/21/2025 13:56,4/21/2025 13:58,100,146,1,4/21/2025 13:58,THIRTY,1,3,22.922,22.922,25.398,1,Why would snacks have a gender requirement?,2,broad,FL_493,1277,1,
4/21/2025 13:48,4/21/2025 13:51,100,164,1,4/21/2025 13:51,THIRTY,1,5,33.594,36.591,38.047,2,,2,broad,FL_493,1282,1,
4/21/2025 13:49,4/21/2025 13:50,100,52,1,4/21/2025 13:50,THIRTY,1,9,13.835,18.017,18.853,2,,1,female,FL_497,1287,,1
4/21/2025 14:38,4/21/2025 14:45,100,443,1,4/21/2025 14:45,THIRTY,1,9,26.703,26.703,28.071,1,"I think it is fair to market the product to females, if females would find the product more desirable.",2,broad,FL_493,1293,1,
4/21/2025 13:49,4/21/2025 13:50,100,71,1,4/21/2025 13:50,THIRTY,1,8,24.929,24.929,26.652,1,,1,female,FL_497,1296,,1
4/21/2025 14:25,4/21/2025 14:27,100,113,1,4/21/2025 14:27,THIRTY,1,7,16.717,32.942,34.279,6,"It may be short sighted or limiting, but marketing campaigns are typically demographically directed.",2,broad,FL_493,1304,1,
4/21/2025 14:29,4/21/2025 14:36,100,379,1,4/21/2025 14:36,THIRTY,1,8,7.838,9.237,12.842,2,Non,1,female,FL_497,1309,,1
4/21/2025 13:50,4/21/2025 13:52,100,70,1,4/21/2025 13:52,THIRTY,1,5,5.646,5.646,15.852,1,,1,female,FL_497,1312,,1
4/21/2025 13:49,4/21/2025 13:50,100,48,1,4/21/2025 13:50,THIRTY,1,9,13.443,13.443,13.962,1,,1,female,FL_497,1322,,1
4/21/2025 13:57,4/21/2025 13:58,100,64,1,4/21/2025 13:58,THIRTY,1,6,17.405,17.405,23.067,1,,2,broad,FL_493,1324,1,
4/21/2025 13:57,4/21/2025 13:58,100,65,1,4/21/2025 13:58,THIRTY,1,9,30.076,30.076,30.966,1,,1,female,FL_497,1330,,1
4/21/2025 14:01,4/21/2025 14:03,100,86,1,4/21/2025 14:03,THIRTY,1,9,18.531,19.671,20.8,2,"You never  know if others might like the snacks too, even if they;re not female",1,female,FL_497,1331,,1
4/21/2025 14:06,4/21/2025 14:07,100,46,1,4/21/2025 14:07,THIRTY,1,7,10.644,10.644,11.326,1,,1,female,FL_497,1332,,1
4/21/2025 13:49,4/21/2025 13:50,100,82,1,4/21/2025 13:50,THIRTY,1,5,24.674,39.406,43.593,6,n/a,2,broad,FL_493,1333,1,
4/21/2025 15:02,4/21/2025 15:03,100,33,1,4/21/2025 15:03,THIRTY,1,7,9.279,9.279,11.626,1,,1,female,FL_497,1337,,1
4/21/2025 13:50,4/21/2025 13:51,100,56,1,4/21/2025 13:51,THIRTY,1,9,15.5,15.5,16.891,1,,1,female,FL_497,1342,,1
4/21/2025 13:52,4/21/2025 13:53,100,55,1,4/21/2025 13:53,THIRTY,1,7,11.184,11.184,11.974,1,seems like smart advertising,2,broad,FL_493,1344,1,
4/21/2025 14:47,4/21/2025 14:48,100,79,1,4/21/2025 14:48,THIRTY,1,7,16.601,16.601,17.676,1,,1,female,FL_497,1350,,1
4/21/2025 13:53,4/21/2025 13:54,100,61,1,4/21/2025 13:54,THIRTY,1,9,22.123,22.511,23.266,2,,2,broad,FL_493,1359,1,
4/21/2025 13:48,4/21/2025 13:50,100,94,1,4/21/2025 13:50,THIRTY,1,8,19.92,19.92,20.888,1,,1,female,FL_497,1363,,1
4/21/2025 13:50,4/21/2025 13:51,100,52,1,4/21/2025 13:51,THIRTY,1,3,16.622,16.622,17.702,1,,2,broad,FL_493,1365,1,
4/21/2025 13:56,4/21/2025 13:56,100,52,1,4/21/2025 13:56,THIRTY,1,6,12.159,17.609,18.763,7,,2,broad,FL_493,1369,1,
4/21/2025 14:02,4/21/2025 14:05,100,159,1,4/21/2025 14:05,THIRTY,1,7,41.166,41.166,42.247,1,I think every company always  has a target consumer.,2,broad,FL_493,1371,1,
4/21/2025 13:51,4/21/2025 13:53,100,123,1,4/21/2025 13:53,THIRTY,1,9,17.701,17.701,19.421,1,I think it's ok to target the desired demographics when advertising.,2,broad,FL_493,1374,1,
4/21/2025 13:50,4/21/2025 13:51,100,80,1,4/21/2025 13:51,THIRTY,1,9,15.774,16.591,17.047,2,It's fair but it's not smart. If females are their audience they should advertise to females.,1,female,FL_497,1381,,1
4/21/2025 13:59,4/21/2025 14:01,100,115,1,4/21/2025 14:01,THIRTY,1,6,21.462,23.911,25.212,2,I don't have much of an opinion. A lot of products or advertising target females,2,broad,FL_493,1390,1,
4/21/2025 13:53,4/21/2025 13:54,100,64,1,4/21/2025 13:54,THIRTY,1,2,21.591,21.591,22.712,1,,2,broad,FL_493,1392,1,
4/21/2025 13:48,4/21/2025 13:50,100,128,1,4/21/2025 13:50,THIRTY,1,3,41.982,41.982,43.868,1,,1,female,FL_497,1393,,1
4/21/2025 14:23,4/21/2025 14:24,100,38,1,4/21/2025 14:24,THIRTY,1,7,11.928,12.3,13.154,2,N/A,1,female,FL_497,1394,,1
4/21/2025 13:53,4/21/2025 13:58,100,255,1,4/21/2025 13:58,THIRTY,1,5,183.755,183.755,184.75,1,I am not sure what would be a female snack,1,female,FL_497,1397,,1
4/21/2025 13:49,4/21/2025 13:50,100,44,1,4/21/2025 13:50,THIRTY,1,7,15.3,15.3,16.434,1,,1,female,FL_497,1408,,1
4/21/2025 13:50,4/21/2025 13:53,100,237,1,4/21/2025 13:53,THIRTY,1,5,27.478,27.478,29.195,1,"Interesting idea, while it is fair it may end up alienating male customers reducing purchases  ",1,female,FL_497,1421,,1
4/21/2025 13:52,4/21/2025 13:57,100,303,1,4/21/2025 13:57,THIRTY,1,7,133.801,133.801,136.033,1,,1,female,FL_497,1428,,1
4/21/2025 14:18,4/21/2025 14:22,100,201,1,4/21/2025 14:22,THIRTY,1,5,21.983,21.983,23.752,1,,1,female,FL_497,1433,,1
4/21/2025 14:00,4/21/2025 14:02,100,98,1,4/21/2025 14:02,THIRTY,1,5,3.243,19.958,20.688,2,Whatever works for them.,2,broad,FL_493,1434,1,
4/21/2025 14:32,4/21/2025 14:50,100,1089,1,4/21/2025 14:50,THIRTY,1,5,9.472,11.201,11.498,4,,2,broad,FL_493,1439,1,
4/21/2025 13:55,4/21/2025 13:57,100,93,1,4/21/2025 13:57,THIRTY,1,9,28.971,28.971,30.133,1,,2,broad,FL_493,1442,1,
4/21/2025 14:42,4/21/2025 14:43,100,49,1,4/21/2025 14:43,THIRTY,1,7,15.439,15.439,16.557,1,none,1,female,FL_497,1447,,1
4/21/2025 14:12,4/21/2025 14:14,100,85,1,4/21/2025 14:14,THIRTY,1,8,15.533,16.227,16.801,2,na,2,broad,FL_493,1453,1,
4/21/2025 13:48,4/21/2025 13:52,100,228,1,4/21/2025 13:52,THIRTY,1,9,3.012,88.504,107.791,3,,1,female,FL_497,1456,,1
4/21/2025 13:50,4/21/2025 13:53,100,194,1,4/21/2025 13:53,THIRTY,1,6,14.461,14.461,16.017,1,"It makes some sense for them to target their advertising toward women, but on the other hand, it is overgeneralizing and excluding people.",2,broad,FL_493,1480,1,
4/21/2025 14:06,4/21/2025 14:09,100,198,1,4/21/2025 14:09,THIRTY,1,9,55.996,55.996,57.033,1,"Why not? The more inclusive the advertisement is, without appearing specifically targeted to male or female, the more sales. Maybe.",1,female,FL_497,1483,,1
4/21/2025 14:24,4/21/2025 14:27,100,186,1,4/21/2025 14:27,THIRTY,1,7,36.395,36.395,37.198,1,Marketing to whomever better suited to garner additional sales is ok.,2,broad,FL_493,1484,1,
4/21/2025 13:50,4/21/2025 13:53,100,190,1,4/21/2025 13:53,THIRTY,1,9,46.728,46.728,49.04,1,,1,female,FL_497,1490,,1
4/21/2025 15:01,4/21/2025 15:01,100,32,1,4/21/2025 15:01,THIRTY,1,9,0.824,17,17.655,6,,2,broad,FL_493,1497,1,
4/21/2025 13:56,4/21/2025 13:59,100,172,1,4/21/2025 13:59,THIRTY,1,8,126.703,131.229,131.834,3,NA,1,female,FL_497,1500,,1
4/21/2025 13:58,4/21/2025 13:59,100,69,1,4/21/2025 13:59,THIRTY,1,8,22.878,23.793,24.952,2,,2,broad,FL_493,1501,1,
4/21/2025 13:48,4/21/2025 13:49,100,83,1,4/21/2025 13:49,THIRTY,1,9,15.204,15.204,16.733,1,,2,broad,FL_493,1504,1,
4/21/2025 13:58,4/21/2025 13:58,100,46,1,4/21/2025 13:58,THIRTY,1,7,9.528,13.825,14.759,3,,2,broad,FL_493,1509,1,
4/21/2025 13:54,4/21/2025 13:58,100,216,1,4/21/2025 13:58,THIRTY,1,6,164.585,164.974,166.258,2,,2,broad,FL_493,1515,1,
4/21/2025 13:48,4/21/2025 13:50,100,66,1,4/21/2025 13:50,THIRTY,1,9,19.33,19.33,21.254,1,,2,broad,FL_493,1528,1,
4/21/2025 13:49,4/21/2025 13:52,100,140,1,4/21/2025 13:52,THIRTY,1,7,24.68,28.959,29.37,4,,1,female,FL_497,1529,,1
4/21/2025 13:58,4/21/2025 14:06,100,454,1,4/21/2025 14:06,THIRTY,1,5,24.582,24.582,27.115,1,"I do not think that it is particularly fair or unfair in the target marketing.  The only thing that may be perceived as unfair is that I believe that a lot of women are insecure about there weight and hence are the one's that are always dieting.  Some out of necessity and yes, that makes it unfair to them.  Others are trying to meet the unreachable ideal body weight to look pretty. ",2,broad,FL_493,1532,1,
4/21/2025 14:04,4/21/2025 14:05,100,58,1,4/21/2025 14:05,THIRTY,1,9,17.843,19.418,20.243,2,,1,female,FL_497,1536,,1
4/21/2025 13:51,4/21/2025 13:55,100,214,1,4/21/2025 13:55,THIRTY,1,5,7.543,7.543,182.343,1,,2,broad,FL_493,1550,1,
4/21/2025 13:50,4/21/2025 13:50,100,48,1,4/21/2025 13:50,THIRTY,1,9,1.738,12.17,14.165,2,,2,broad,FL_493,1565,1,
4/21/2025 13:58,4/21/2025 13:59,100,42,1,4/21/2025 13:59,THIRTY,1,9,21.859,21.859,22.588,1,,2,broad,FL_493,1567,1,
4/21/2025 13:56,4/21/2025 14:01,100,303,1,4/21/2025 14:01,THIRTY,1,7,85.95,85.95,87.37,1,,2,broad,FL_493,1578,1,
4/21/2025 13:49,4/21/2025 13:50,100,88,1,4/21/2025 13:50,THIRTY,1,8,18.093,18.093,19.742,1,,2,broad,FL_493,1579,1,
4/21/2025 14:36,4/21/2025 14:41,100,266,1,4/21/2025 14:41,THIRTY,1,9,2.772,123.24,123.775,2,none,2,broad,FL_493,1583,1,
4/21/2025 13:50,4/21/2025 13:52,100,88,1,4/21/2025 13:52,THIRTY,1,7,32.845,32.845,34.363,1,It does seem sexist and limiting the market of the product.,2,broad,FL_493,1618,1,
4/21/2025 13:55,4/21/2025 13:57,100,124,1,4/21/2025 13:57,THIRTY,1,7,31.337,33.048,34.703,2,,1,female,FL_497,1622,,1
4/21/2025 15:01,4/21/2025 15:06,100,284,1,4/21/2025 15:06,THIRTY,1,9,31.236,31.236,33.334,1,,1,female,FL_497,1626,,1
4/21/2025 14:00,4/21/2025 14:02,100,113,1,4/21/2025 14:02,THIRTY,1,6,34.951,34.951,36.027,1,What is the product,2,broad,FL_493,1628,1,
4/21/2025 14:09,4/21/2025 14:12,100,136,1,4/21/2025 14:12,THIRTY,1,7,19.049,19.049,20.104,1,,2,broad,FL_493,1633,1,
4/21/2025 13:51,4/21/2025 13:52,100,100,1,4/21/2025 13:52,THIRTY,1,9,44.144,44.144,44.808,1,,2,broad,FL_493,1634,1,
4/21/2025 14:16,4/21/2025 14:18,100,79,1,4/21/2025 14:18,THIRTY,1,6,12.559,46.774,47.427,4,,1,female,FL_497,1640,,1
4/21/2025 13:50,4/21/2025 13:51,100,52,1,4/21/2025 13:51,THIRTY,1,9,11.764,11.764,12.138,1,They survey was easy to understand!,1,female,FL_497,1654,,1
4/21/2025 13:49,4/21/2025 13:51,100,153,1,4/21/2025 13:51,THIRTY,1,6,94.116,94.116,95.415,1,"It's completely fair, it's like the fitness/weight gain products aimed at men who workout and want to build muscle ",2,broad,FL_493,1677,1,
4/21/2025 13:50,4/21/2025 13:52,100,153,1,4/21/2025 13:52,THIRTY,1,6,35.165,81.421,86.052,4,,2,broad,FL_493,1680,1,
4/21/2025 13:54,4/21/2025 14:04,100,586,1,4/21/2025 14:04,THIRTY,1,7,183.165,535.98,536.661,13,,2,broad,FL_493,1682,1,
4/21/2025 13:49,4/21/2025 13:54,100,322,1,4/21/2025 13:54,THIRTY,1,9,82.795,82.795,84.531,1,"I think it would also be fair to tilt the advertising more toward women, if men were still included too.",1,female,FL_497,1684,,1
4/21/2025 13:56,4/21/2025 13:57,100,57,1,4/21/2025 13:57,THIRTY,1,9,19.512,19.912,20.875,2,NO COMMENT,2,broad,FL_493,1688,1,
4/21/2025 13:53,4/21/2025 13:54,100,45,1,4/21/2025 13:54,THIRTY,1,9,16.807,16.807,18.807,1,,1,female,FL_497,1692,,1
4/21/2025 14:00,4/21/2025 14:02,100,104,1,4/21/2025 14:02,THIRTY,1,8,25.375,25.375,26.826,1,,2,broad,FL_493,1713,1,
4/21/2025 13:48,4/21/2025 13:50,100,124,1,4/21/2025 13:50,THIRTY,1,7,19.025,22.85,24.905,2,nice study,2,broad,FL_493,1768,1,
4/21/2025 13:50,4/21/2025 13:54,100,206,1,4/21/2025 13:54,THIRTY,1,3,50.467,53.999,55.325,3,,1,female,FL_497,1791,,1
4/21/2025 13:54,4/21/2025 13:54,100,34,1,4/21/2025 13:54,THIRTY,1,5,10.091,10.091,10.894,1,,2,broad,FL_493,1795,1,
4/21/2025 13:49,4/21/2025 13:49,100,46,1,4/21/2025 13:49,THIRTY,1,9,6.649,11.926,12.8,2,,1,female,FL_497,1798,,1
4/21/2025 14:09,4/21/2025 14:11,100,131,1,4/21/2025 14:11,THIRTY,1,9,19.721,19.721,21.377,1,I am sure that there are plenty of women who might not like the snack and plenty of men who might like it. It just makes sense to broadly market the snack. ,1,female,FL_497,1817,,1
4/21/2025 13:59,4/21/2025 14:00,100,73,1,4/21/2025 14:00,THIRTY,1,8,10.304,10.304,11.085,1,"Even if the snack is better suited for female palates, they should continue to advertise the general public at large as stated as gender can be fluid. ",1,female,FL_497,1820,,1
4/21/2025 14:01,4/21/2025 14:02,100,57,1,4/21/2025 14:02,THIRTY,1,7,17.792,18.655,20.173,2,,2,broad,FL_493,1829,1,
4/21/2025 14:23,4/21/2025 14:28,100,316,1,4/21/2025 14:28,THIRTY,1,8,130.57,130.57,134.8,1,,2,broad,FL_493,1852,1,
4/21/2025 14:02,4/21/2025 14:03,100,53,1,4/21/2025 14:03,THIRTY,1,9,13.104,13.104,13.98,1,,1,female,FL_497,1854,,1
4/21/2025 13:51,4/21/2025 13:52,100,69,1,4/21/2025 13:52,THIRTY,1,8,17.983,17.983,19.852,1,,2,broad,FL_493,1857,1,
4/21/2025 14:29,4/21/2025 14:31,100,94,1,4/21/2025 14:31,THIRTY,1,6,0.379,16.374,20.065,4,,1,female,FL_497,1861,,1
4/21/2025 14:20,4/21/2025 14:20,100,51,1,4/21/2025 14:20,THIRTY,1,9,15.964,15.964,16.887,1,,2,broad,FL_493,1865,1,
4/21/2025 13:59,4/21/2025 14:00,100,56,1,4/21/2025 14:00,THIRTY,1,9,7.868,7.868,11.142,1,,1,female,FL_497,1875,,1
4/21/2025 14:05,4/21/2025 14:06,100,48,1,4/21/2025 14:06,THIRTY,1,9,18.024,18.024,20.678,1,,2,broad,FL_493,1882,1,
4/21/2025 13:57,4/21/2025 13:58,100,68,1,4/21/2025 13:58,THIRTY,1,8,14.595,16.863,18.551,3,,1,female,FL_497,1929,,1
4/21/2025 14:05,4/21/2025 14:06,100,55,1,4/21/2025 14:06,THIRTY,1,6,12.083,12.083,14.345,1,,2,broad,FL_493,1987,1,
4/21/2025 14:13,4/21/2025 14:14,100,57,1,4/21/2025 14:14,THIRTY,1,9,10.982,11.21,11.979,2,I'd like to try the snack lol,2,broad,FL_493,1997,1,
4/21/2025 13:52,4/21/2025 13:53,100,66,1,4/21/2025 13:53,THIRTY,1,7,26.486,26.486,28.419,1,,1,female,FL_497,2019,,1
4/21/2025 14:03,4/21/2025 14:04,100,65,1,4/21/2025 14:04,THIRTY,1,3,21.192,21.192,21.968,1,none,2,broad,FL_493,2023,1,
4/21/2025 13:54,4/21/2025 13:55,100,47,1,4/21/2025 13:55,THIRTY,1,9,13.856,13.856,14.828,1,,2,broad,FL_493,2027,1,
4/21/2025 13:54,4/21/2025 13:59,100,311,1,4/21/2025 13:59,THIRTY,1,5,265.248,265.248,266.083,1,,2,broad,FL_493,2029,1,
4/21/2025 13:49,4/21/2025 13:51,100,135,1,4/21/2025 13:51,THIRTY,1,7,19.023,21.551,23.053,2,Any one can like food product even if it has a targeted audience.,1,female,FL_497,2030,,1
